0.0,0.0,0.0,0.0,0.0,0.0,0.0,0.0,0.0,0.0,0.0,0.0,0.0,0.0,0.0,0.0,0.0,0.0,0.0,0.0,0.0,0.0,7.31144e-06,0.0,0.0,0.0,0.0,0.0,0.0,0.0,0.0,0.0,0.0,0.0,0.0,0.0,0.0,0.0,0.0,0.0,0.0,3.92809e-07,2.28447e-06,0.0,0.0,4.52556e-07,0.0,0.0,0.0,0.0,0.0,0.0,0.0,0.0,0.0,0.0,0.0,0.0,0.0,0.0,0.0,0.0,0.0,0.0,0.0,0.0,0.000423227,0.000116239,0.0,0.0,0.0,0.0,0.0,0.0,0.0,0.0,0.0,0.0,0.0,0.0,0.0,0.0,0.0,0.0,0.0,0.0,0.0,0.0,0.0,0.0,0.0,0.0,0.0,0.0,0.0,0.0,2.44431e-06,0.0,5.75e-06,0.0
0.0,0.0,0.0,0.0,0.0,0.0,0.000119728,0.0,6.07695e-05,0.0,0.0,0.0,0.0,0.0,0.0,0.0,0.0,0.0,0.000898142,0.0,3.91693e-05,0.0,0.0,0.0,0.0,0.0,0.0,0.000133848,0.0,0.000161507,0.0,0.0,0.0,0.0,0.0,0.0,0.0117393,0.000227398,3.71359e-05,0.0,0.0,0.0,3.81569e-05,0.0,8.60938e-05,0.0,0.0,0.0,0.0,7.67739e-05,0.0,0.000174529,0.0,0.0,0.0,0.0,0.0,0.0,0.0,0.0,0.0,0.000161535,0.0,1.28576e-05,0.0,0.000143391,0.0,0.0,0.0,0.0,0.0,0.0,0.0109299,0.0,0.0,0.0,0.000156036,0.0,0.0,0.0,0.0,0.0,0.0,0.0,0.0,0.0,0.0,0.0,0.0,0.0176212,0.0,4.64568e-06,4.33703e-05,0.0,0.0,7.79924e-06,0.0,0.0,0.0,0.0
0.0,0.0,0.0,0.0,0.0,0.0,0.0,0.0,0.0,0.0,0.0,0.0,0.0,0.0,0.0,0.000179206,0.0,0.0,0.0,0.0,0.0,0.0,0.0,0.0,0.0,0.0,0.000663296,1.10637e-05,0.0,0.000229587,2.85255e-05,5.32311e-05,0.0,0.00028446,0.0,0.0,0.0,0.0,0.0,0.0,0.0,8.1488e-05,0.0,0.0,5.60509e-05,0.0,0.0,0.0,0.0,0.00057251,0.0,3.65702e-05,0.0,0.0,0.0,0.0,0.0,8.94256e-05,0.000150821,0.0,0.0,0.0,0.000242492,3.24868e-05,0.0,0.0,0.0,0.0,0.0,3.71957e-05,0.0,0.0,0.0,0.0,0.0,0.0,0.0,0.0,0.0,0.0,0.0546431,0.0,0.0,0.0,0.0,0.0,0.0,0.0,0.0,0.0,0.0,0.0,0.0,0.000453764,0.0,0.0,0.0,0.0,0.0,0.00118243
0.0,0.0,0.0,0.0,0.00688574,0.00782922,0.0,0.0,0.0,0.00116346,0.0,0.0,0.0,0.00108307,0.0,0.000481674,1.13609e-05,0.0,0.0,0.00336136,0.0,0.000246293,0.0,0.0,0.002433,0.00158632,0.0,0.0,0.00134802,0.0,0.000957873,0.000682676,0.00103495,0.0,0.00221676,0.0,0.0,0.0,0.0,0.00020735,0.00285058,0.0,0.000109228,0.0,0.0,0.0,0.0,0.000445252,0.0,0.00152186,0.000347113,0.000455622,0.000413865,0.0,0.0,0.000284329,0.0,0.0,0.0,0.000156926,0.0,6.79229e-05,1.63216e-05,4.71039e-05,1.43154e-05,0.0,5.0065e-05,0.000986616,0.0,0.0,0.00144003,0.0,0.0,0.0,6.01942e-05,0.0,0.0,0.000227585,0.000114616,8.94576e-05,0.0,0.0,0.00439371,0.0,0.0,0.00179302,0.0015695,7.06691e-05,0.00398039,0.0,0.0,0.000206958,0.0,0.0,0.000137228,0.0,0.00274045,0.0,0.000523548,0.00214313
0.0,0.0,0.0,4.32561e-07,0.0,0.0,0.0,0.0,0.000112096,0.0,0.0,0.0,0.0,0.0,0.0,0.0,0.0,0.0,0.0,0.0,0.0,0.000122547,0.0,0.0,0.0,0.0,0.0,0.0,0.0,0.0,5.52909e-06,0.0,0.0,0.0,0.0,0.0,0.0,0.0,0.0,4.46456e-05,0.0,0.0,0.0,6.07752e-05,0.0,0.0,0.0,0.0,0.0,0.0,0.0,0.0,0.000101501,0.0,0.0,0.0,0.0,0.0,0.0,0.0,0.0,0.0,0.0,0.0,0.0,6.81573e-05,0.0,0.0,0.0,0.0,0.0,0.0,0.0,0.0,0.0,0.0,0.0,0.0,0.0,0.0,0.0,0.0,0.0,0.0,1.04997e-07,0.0,0.0,0.0,7.96922e-06,0.0,0.00404762,5.22958e-05,0.0,0.0,0.0,0.0,6.98647e-06,0.0,0.0,0.0
0.0,0.00181999,0.0,0.0,0.0,0.00195343,0.0,2.44778e-05,0.0,0.0,0.0,0.000173194,0.0,0.0,0.0,4.34952e-05,0.00233296,0.0,0.0,0.000290219,0.000673429,4.2567e-06,0.0,0.0,0.0,0.0,2.8508e-05,0.0,0.0,0.0,0.0,0.0,0.0,6.2183e-06,0.0,3.86352e-07,0.0,0.0,7.03682e-06,2.13102e-05,0.0,0.0,8.79232e-05,0.000296241,0.0,0.0,0.000165368,0.000331745,0.0,1.21142e-06,0.0,0.00012549,0.0,8.73278e-06,2.65844e-05,0.0,0.0,0.0,0.0,0.000439636,0.00143745,0.0,6.06025e-05,0.0,0.0,0.0,9.22104e-05,0.0,0.000778138,0.000115518,0.0,2.14909e-05,0.0,0.00127713,0.0016754,0.0,0.0,0.0,0.000118108,0.000179959,0.0,0.0,0.0,0.0,0.0,0.0,1.40703e-05,0.0,0.0,0.0,4.94694e-05,0.0,0.0,5.05074e-05,0.00049429,0.00166376,0.0,0.000178388,0.0,0.000101518
0.0,0.0,0.0,0.0,0.0,0.0,0.0,0.0,0.0,0.0,0.000616684,0.000164042,0.0,0.0,0.0,5.39144e-05,0.00296176,0.0,1.91885e-07,0.000103063,0.0,0.0,0.0,0.0,0.0,0.0,1.439e-05,0.0,0.0,0.0,0.000227544,0.000109332,0.0,0.0,0.0,0.000185926,0.0,0.0,0.0,0.0,0.0,0.0,0.0,4.90885e-05,0.0,0.0,0.0019064,0.0,0.0,0.0,0.0,0.0,0.0,0.0,0.0,0.0,0.0,0.0,0.0,0.0,2.95221e-06,7.45542e-05,0.0,0.0,0.0,0.0,0.0,0.000122695,0.0,0.0,8.76808e-05,0.0,0.0,0.0,0.000773193,1.57337e-05,0.0,0.0,0.0,0.0,0.000995418,0.0,0.0,0.0,2.22479e-06,0.0,0.0,0.0,0.0,0.0,0.0,0.0,4.03519e-05,0.0,8.13099e-05,0.00011286,0.000127624,0.0,0.0,0.0
0.0,0.0,0.0,0.0,0.0,0.0,0.0,0.0,0.000171249,0.0,0.0,0.0,0.0,0.0,0.0,0.0,0.0,0.0,0.0,0.0,0.0,0.0,0.0,0.0,0.0,0.0,0.0,0.0,0.0,0.0,0.0,0.0,0.0,0.0,0.0,0.0,0.0,0.0,0.0,0.0,0.0,0.0,0.0,0.0,0.0,0.0,0.0,0.0,7.91694e-05,0.0,0.0,0.0,0.000509768,0.0,0.0,0.0,0.0,0.0,0.0,0.0,0.0,0.0,0.0,0.0,0.000185517,0.0,0.0,0.000205784,0.0,0.0,0.0,0.0,0.0,0.0,0.0,0.0,0.0,0.000124865,0.0,3.18327e-05,0.0,0.0,0.0,0.0,0.0,0.0,0.0,0.0,0.0,0.0,0.0,0.0,0.0,0.0,0.0,0.0,0.0,0.00166334,6.10806e-05,0.0
0.0,0.0,0.0233743,0.0,0.00784095,9.20234e-05,0.0,0.0,0.00038397,0.0,0.000197941,0.0,0.0,0.000369775,7.64856e-05,0.00023777,0.0,0.0,2.17903e-06,0.0,0.00172004,0.000922784,0.0,0.0,0.0,0.0,0.0,0.00438017,0.0,0.0,0.0,0.0,0.0,0.0,0.0,0.0,0.0,0.0,6.34666e-05,0.0,0.0,0.00229936,0.00261698,0.000272651,0.0,1.40753e-05,0.0,0.0,0.000663395,0.0,0.0,0.0,0.0,0.000207915,0.000193573,0.000411787,0.0907824,0.000159553,0.0,0.000668258,0.0,0.0,0.0,0.0,0.00626031,0.0,0.0,0.0055058,0.000544928,0.0,0.0002421,0.0,0.0,0.0,0.00041234,0.0,0.0,0.0107308,0.0,0.00108818,0.0,0.0,0.0149299,0.0,0.0,0.0,2.82574e-05,0.0,0.0,0.0,0.0,0.0,0.0,0.0,0.0,0.0,0.0,0.0,0.0,0.0
0.0,0.0,0.0,0.0,0.0,0.0,0.0,0.0,0.0,0.0,0.0,0.0,0.0,0.0,0.0,0.0,7.10806e-05,0.0,0.0,0.0,0.0,0.0,0.0,0.0,0.0,0.0,0.0,0.0,0.000332293,0.0,0.0,0.0,0.0,0.0,0.0,0.0,0.0,0.0,0.0,0.0,0.0,0.0,0.0,0.0,0.0,0.0,0.0,0.000119467,0.0,0.0,0.0,0.0,0.0,0.0,0.0,0.0,0.0,0.000232193,0.0,5.02177e-05,0.0,0.0,0.0,0.0,0.0,4.76552e-05,0.0,0.0,0.0,0.0,0.0,0.0,0.0,0.0,0.0,0.0,0.0,0.0,0.0,0.0,0.000694863,0.0,0.0,0.0,0.0,0.000153497,0.0,0.0,0.0,0.0,0.0,0.000231025,0.0,0.0,0.0,0.0,0.0,0.0,1.76162e-05,0.0
0.0,0.0,0.0,0.0,0.0,0.0,0.0,0.0,0.0,0.0,0.0,0.0,0.0,0.0,0.0,0.0,0.0,0.0,0.0,0.0,0.0,0.0,0.0,0.0,0.0,0.0,0.0,0.0,0.0,0.0,0.0,0.0,0.0,0.0,0.0,0.0,0.0,0.0,0.0,0.00580353,0.0,0.0,0.0,0.0,0.0,0.0,0.000163347,0.0,0.0,0.0,0.0,0.0,0.0,0.0,0.0,0.0,0.0,0.0,0.0,0.0,0.0,0.0,0.0,0.0,0.000118339,0.0,0.0,0.0,0.0,0.0,0.0,0.0,5.20514e-06,0.0,0.0,0.0,0.0,0.0,0.0,0.0,0.0,0.0,0.0,0.0,0.0,0.0,0.0,0.0,0.0,0.0,0.0,0.0,0.0,0.0,0.0,0.0,0.0,0.0,0.0,0.0
0.0,0.0,0.0,0.0,0.0,0.063492,0.0,0.0,0.0,0.0,0.00162723,0.0,0.0,0.0,0.00023323,0.0,0.0,0.0,0.0,0.0,0.0,0.0,0.0,0.0,0.0,0.0,0.000949359,0.0,0.00568977,0.0,0.0,0.0,0.0,0.0,0.0,0.0,0.0,0.0,0.0,0.0,0.0,0.0,0.0,0.0,0.000262145,0.0,0.0,0.0,0.000940308,0.0025942,0.00120095,0.0,0.0,0.0,0.0,2.59806e-05,0.0,0.0,0.0,0.0,0.0,0.0,0.000217061,0.00223723,0.0,0.0,0.0,0.0,0.0,0.0,0.0,0.0,0.0,2.5339e-05,0.0,0.0,0.0,0.0,0.414004,0.0,0.0,0.000646099,0.0,0.0,0.0,0.0,0.0,0.0,0.0,0.0,0.0,0.00795188,0.0,0.0,0.0,0.0,0.00260573,0.0,0.00143823,0.0
0.0,0.0,0.0,0.0,0.00131863,7.8682e-05,0.0,0.0,0.0,0.0,0.0,0.0,0.0,0.0,0.0,0.0,0.0,0.0,0.0,0.0,0.0,0.0,0.0,0.0,0.0,0.0,0.0,0.0,0.0,0.0,0.0,0.0,0.0,0.0,0.0,0.0,6.07205e-05,0.0,0.0,0.0,0.0,0.0,0.0,0.0,1.8568e-05,0.0145801,0.0,0.0,3.34743e-05,3.8075e-05,0.0,0.0,0.0,0.0,0.0,0.0,0.0,0.0,0.0,0.0,0.0,0.0,0.0,0.0,0.0,0.0,0.0,0.0,0.0,0.0,0.0,0.0,0.0,0.0,0.0,0.0,0.0,0.0,0.0,0.0,0.0,7.21798e-05,0.0,0.0,0.0,0.0,0.0,0.0,0.0,0.0,0.0,0.0,0.0,0.0,0.0,0.0,0.0,0.0,0.0,0.0
0.0,0.0,0.0,0.0011588,0.000907996,0.00120994,0.0,0.0,0.0,0.0,0.0,7.13602e-06,0.0,1.13706e-05,0.00124634,0.0,0.0,0.0,0.0,7.18768e-05,0.0,0.000469082,0.0,0.0,0.0,0.0,0.0,0.000101765,0.0,0.000166263,0.0,2.32259e-05,0.0,0.0,0.0,0.0,0.0,0.0,0.0,0.000508542,0.0,0.000148158,0.0,0.0,0.0,0.0,0.0,0.0,0.0,0.0,0.0,0.0,0.0,0.0,1.29921e-05,0.0,0.0,0.0,0.0,1.46148e-05,0.0,0.0,0.00180364,3.21373e-05,0.0,0.0,0.0,0.0,0.0,0.0,0.0,0.0,0.0,0.0,0.0,0.0,4.72951e-05,0.0,9.17336e-05,6.64376e-05,0.0,5.75159e-05,0.0,0.0,2.91828e-05,0.0,0.0,0.0,0.000110914,0.0,0.0,0.000451539,0.0,0.0,0.0,7.05395e-05,0.0,0.0,0.0,0.000431582
0.0,0.0,0.00395112,0.0,0.00568111,0.0,0.0,0.000411445,0.0,0.0,0.0,0.0,0.00118779,0.0,0.0,0.0,0.0,0.0,0.0,0.001553,0.0,0.0,0.0,0.0,0.0,0.0,0.000836445,0.0,0.0,0.0,5.48895e-05,0.0,0.0,0.0,0.0,0.0,0.0,3.54881e-05,0.0,0.0,0.00793243,0.0,0.0,5.46953e-05,0.0,0.0,0.000148919,0.0,0.0,0.000282782,8.90268e-05,0.0,0.0,0.0,0.0,0.0,0.0,0.00117299,0.0,1.80013e-05,0.0,0.0,0.0,0.0,0.0,0.0,6.61488e-05,0.0,0.0,0.0,0.0,0.0,0.0,0.0,0.0,0.0,0.000418152,0.000143464,0.0,7.56419e-05,1.82991e-05,0.0,0.0,9.48445e-05,0.0,0.0,0.000219216,0.0,0.0,0.0,0.0,0.0,0.0,0.0,0.0,0.0,0.0,0.0,0.0,0.000359818
0.0,0.0,0.0,0.0,0.0,0.0,0.0,0.0,0.0,0.0,0.0,0.0,0.0,0.0,0.0,0.0,0.0,0.0,1.99722e-08,0.0,0.0,0.0,0.000229363,0.0,0.0,0.0,0.0,0.000415546,0.0,0.0,0.0,0.0,0.0,0.0,0.0,0.0,0.0,0.0,0.0,0.0,0.0,1.26301e-05,5.88845e-05,0.0,0.0,0.0,0.0,0.0,0.0,0.000149164,0.0,0.0,0.0,0.0,0.0,0.0,0.0,0.0,0.0,0.0,0.0,0.0,0.0,0.0,0.0,0.0,0.0,0.000279561,0.0,0.0,0.0,0.0,0.0,0.0,0.0,0.0,0.0,0.000260033,0.0,0.0,0.0,0.0,0.0,0.000246146,0.0,0.0,0.0,0.0,0.0,0.0,0.0,0.0,0.0,2.4285e-05,0.0,0.0,0.0,0.000165014,0.0,0.0
0.0,0.0,0.0,0.0,0.0,0.0,0.0,0.0,0.0,0.0,0.0,0.0,0.0,0.0,0.0,0.0,0.0,0.0,0.0,0.0,1.19824e-05,0.0,0.0,0.0,0.00126512,0.0,0.0,0.0,0.0,0.0,2.15423e-05,0.0,0.0,0.0,0.0,0.000392528,0.0,0.0,0.0,0.0,0.0,6.21883e-05,0.0,0.000271202,0.0,0.0,4.86227e-05,0.0,0.0,0.0,0.0,0.0,0.0,8.48102e-06,0.0,3.10338e-05,0.0,9.07649e-05,0.0,0.0,0.0,8.88519e-06,1.57375e-06,0.0,3.84054e-07,0.0,1.64666e-05,0.0,0.0,0.0,0.0,0.0015221,1.57443e-07,0.0,0.0,0.0,0.0,0.0,3.04289e-05,0.0,0.0,0.0,0.0,0.0,0.0,0.0,1.86173e-05,0.0,0.0,2.49216e-06,0.0,0.0,0.000116744,0.0,0.0,2.40286e-05,0.0,0.0,0.0,0.0
0.0,0.0,0.0,0.0,0.0,0.0,0.0,4.24737e-06,0.0,0.0,0.0,1.31249e-06,0.0,0.0,0.000210652,0.0,0.0,0.0,0.0,0.0,0.0,0.0,0.0,0.0,0.0,0.0,0.0,0.0,0.0,0.0,0.0,0.0,0.0,0.0,0.0,0.0,0.0,0.0,0.0,0.0,0.0,0.0,0.0,0.0,0.0,0.0,0.0,0.0,0.0,0.0,0.0,0.0,0.0,0.0,0.0,0.0,0.0,0.0,0.0,0.0,0.0,0.0,0.0,0.0,0.0,0.0,0.0,0.0,0.0,0.0,0.0,0.0,0.0,0.0,0.0,0.0,0.0,0.0,0.0,0.0,1.24961e-06,0.0,0.0,0.0,0.0,0.0,0.0,0.000391296,0.0,0.0,0.0,0.0,0.0,0.0,0.0,0.0,0.0,0.0,0.0,0.0
0.0,0.0,0.0,0.000279671,0.0,0.0,0.0,0.0,0.0,0.0,0.0,0.0,0.0,0.0,0.0,0.0,0.0,0.0,0.0,0.0,0.0,0.0,0.0,0.000108779,0.0,0.0,0.0,0.0,0.0,0.0,0.0,0.0,0.0,0.0,0.0,0.0,0.000597877,0.0,0.0,0.0,0.0,0.0,0.0,0.0,0.0,0.0,0.000194963,0.0,0.0,0.0,0.0,0.0,0.0,0.0,0.0,0.0,0.0,4.33486e-05,0.0,0.0,0.0,0.0,0.0,0.0,0.0,0.0,0.0,0.0,0.0,0.0,0.0,0.0,0.0,0.0,0.0,0.0,0.0,0.0,0.0,0.0,0.0,0.0,0.0,0.0,0.0,0.0,0.0,0.0,0.0,0.0,0.0,0.0,0.0,0.0,0.0,0.0,0.0,0.0,0.0,0.0
0.0,0.0,0.00171935,0.0,0.0,0.0,0.0,0.0,0.0,0.0,0.0,0.0525551,0.0,0.0,0.000100713,0.0,0.0,0.0,0.0,0.0,0.0,0.0,0.0,0.0,0.0,0.0,0.0,3.27476e-05,0.0,0.0,0.0,0.0,0.0,0.0,0.0,0.0,0.0,0.0,0.0001446,0.0,0.0,0.0,0.0,8.44891e-05,0.0,0.0,0.0,0.000416504,0.0,0.0,0.000281302,0.0,7.37782e-05,0.0,0.0,0.0,0.0,4.95014e-06,0.0,0.0,0.000570301,0.0,0.0,0.0,0.0,2.78949e-05,0.0,0.0,0.0,3.20647e-05,0.0,0.0,0.0,0.00012828,0.0,1.7784e-05,0.0,0.0,0.000149371,0.0,0.0,0.000184492,0.0,0.0,0.0,0.000272427,0.0,7.75444e-06,0.0,2.56729e-06,5.01393e-05,0.0,0.0,2.03241e-05,0.0,0.0,0.0,0.0,2.9071e-06,0.000112511
0.0,0.0,0.0,0.0,0.00330839,0.0,0.0,0.432931,0.0,8.52443,0.0,0.0,0.0,0.0,0.0,0.118509,0.0,0.0,0.0,0.461241,0.0,0.0,0.0,0.0,0.0,0.0,0.0,0.00141411,0.0,0.00241253,0.0,0.0,0.0,0.429828,0.0,0.0,0.0,0.124834,0.0,0.0,0.0166543,0.0,0.0,0.0,0.0,0.0,0.0,0.0,0.0,0.0,0.0,0.0,0.0,0.00659982,0.00176066,0.0,0.0,0.0,0.0,0.0,0.0,0.0,0.0,0.0,0.0,0.0,0.0,0.0,0.0,0.0,0.000454066,0.0,0.0,0.00025658,0.0,0.130694,0.0,0.0,0.0,0.0,0.0,0.0,0.0,0.0,0.0,0.0,0.0,0.0,0.563225,0.0,0.0,0.0,0.0,0.0,0.0,0.0,0.0,0.0,0.0,0.0
0.0,0.0,0.0,0.0,0.0,0.000251314,5.79845e-05,0.0,0.0,0.0220258,0.0,0.0,0.0,0.0,0.0,0.0,0.0,1.91762e-05,0.0,0.0,0.0,0.0,0.0,3.07709e-05,0.0,0.0,0.0,0.0,0.0,0.0,0.0,0.0,0.0,0.000866251,8.12688e-05,0.0,0.0,0.0,0.0,2.56309e-05,0.0,0.0,2.68707e-05,0.0,0.0,1.04038e-05,0.0,0.0,4.5565e-06,0.0,0.0,0.0,0.0,0.000287725,0.0,0.0,0.0,0.0,0.0,0.0,0.0,0.0,1.76086e-05,1.47633e-05,0.0,0.0,0.0,0.0,0.0,0.0,2.56046e-06,0.0,0.0,0.0,0.0,0.0,0.0,0.0,0.0,1.07025e-06,0.0,0.0,0.0,0.0,0.0,0.0,0.0,1.19278e-05,0.0,0.0,0.000143712,0.0,0.0,0.0,0.0,0.0,0.0,0.0,1.44444e-05,6.34043e-05
0.0,0.0,0.0,0.00194065,0.0,0.00311827,0.0,0.000924136,0.0,0.00016412,0.0,0.0,0.0,2.29891e-05,1.53288e-05,0.0,0.0,0.0,0.0,0.0,9.84837e-06,5.89462e-05,0.0,0.000312562,0.000570811,1.49239e-05,2.41623e-05,0.0,0.0,1.787e-05,0.0,8.64273e-06,0.0,0.0,3.86923e-05,0.000179979,0.0,0.000287427,0.0,1.32809e-05,0.0,0.0,0.000184717,0.0,0.0,0.000326971,0.0,0.0,1.33097e-05,7.92922e-06,0.000143691,0.0,1.05844e-05,0.0,3.24009e-05,0.0,4.74618e-05,0.0,0.0,0.0,0.000198753,0.000258302,0.0,0.0,0.0,0.0,0.0,0.0,2.92071e-06,0.000475863,5.61389e-05,9.11304e-06,0.0,0.000127953,0.000170935,0.0,0.0,0.0,9.67004e-05,6.20837e-05,0.00612706,0.0,0.0,0.0,0.0,0.0,0.0,1.20434e-05,0.0,0.0,0.000209182,0.0,0.0,0.0,0.000175041,6.31856e-05,0.0,0.0,6.63635e-07,0.0
0.0,0.0,0.0,0.0,0.0,0.000659327,0.0,0.0,0.0,0.0,0.0,0.0,0.0,0.0,0.0,0.0,0.0,0.0,0.0,0.0,0.0,0.0,0.0,0.0,0.0,0.0,0.0,0.0,0.0,0.0,0.0,0.0,0.0,0.0,0.0,0.0,0.0,0.0,0.0,0.0,0.0,0.0,1.83969e-05,0.0,0.0,0.0,0.0,0.0,0.0,0.0,0.0,0.0,0.000238709,0.0,0.0,0.000198779,0.0,0.0,0.0,2.17165e-05,0.0,0.0,0.0,6.03732e-06,0.0,0.0,2.9521e-05,0.0,0.0,0.0,0.0,0.0,0.0,0.0,7.4813e-05,0.0,0.0,8.93666e-05,7.63449e-05,0.0,0.0,5.55086e-05,0.0,0.0,9.73391e-07,0.0,1.05294e-05,0.0,0.0,0.0,9.08731e-05,0.0,0.0,0.0,0.0,0.0,0.0,0.000114404,3.80213e-07,0.0
0.0,0.0,0.0,0.0,0.0,0.0,0.0,0.0,0.0,4.45034e-05,0.0,0.0,0.0,0.0,0.0,0.0,0.0,0.0,0.0,0.0,0.0,0.0,0.0,0.0,0.0,0.0,0.0,0.0,0.0,0.0,0.0,0.0,0.0,4.70556e-08,0.0,0.0,0.0,3.58413e-05,0.0,0.0,0.0,0.0,0.0,0.0,0.0,0.0,0.0,0.0,0.0,0.0,0.0,0.0,0.0,0.0,0.0,0.0,0.0,0.0,0.0,0.0,0.0,0.0,0.0,0.0,0.0,0.0,0.0,0.0,0.0,0.0,0.0,0.0,0.0,0.0,0.0,1.56236e-05,0.0,0.0,0.0,0.0,0.0,0.0,0.0,0.0,0.0,0.0,0.0,0.0,0.0,0.0,0.0,0.0,0.0,0.0,0.0,0.0,0.0,0.0,0.0,0.0
0.0,0.0,0.0,0.0,0.0,0.0,0.0,0.0,0.00210471,0.0,0.0,0.0,0.0,0.0,0.0,0.0,0.0,0.0,5.35566e-08,0.0,0.0,0.0,0.0,0.0,0.0,0.0,0.0,0.00157437,0.0010176,0.0,0.0,0.0,0.000537353,0.0,0.0,0.0,0.0,0.0,0.0,0.0,0.0,0.0,0.0,0.0,0.0,0.000312982,0.0,0.0,0.0,0.0,0.0,0.0,0.0,0.0,0.0,0.0,0.0,0.0,0.0,0.0,0.0,0.0,0.0,0.0,0.0,0.0,0.0,0.0,0.0,0.0,0.0,0.0,0.0,0.0,0.0,0.0,0.0,0.0,0.0,0.0,0.0,0.0,0.0,0.0,0.0,0.0,0.0,0.0,0.0,0.0,0.0533289,0.0,0.0,0.0,0.0,0.0,0.0,0.0,0.0,0.0
0.0,0.0,0.0,0.00120427,7.48709e-05,0.0,0.000103477,0.0,0.0,3.67263e-06,0.000468214,0.0,0.0,0.0,0.00166084,4.44485e-05,0.0,0.0,0.0,4.32384e-05,0.0,0.000176493,0.0,1.04601e-05,0.0,0.0,0.0,0.0,0.0,0.000146787,0.0,4.21901e-05,3.29354e-06,0.0,0.0,0.00020917,0.0,0.0,0.0,0.00117184,0.0,0.0,7.23199e-06,2.61989e-05,0.0,7.50754e-06,0.0,0.000323107,0.0,0.0,5.51946e-05,0.000109413,1.85492e-05,2.15577e-05,0.000139351,3.30333e-05,0.0,6.48457e-08,2.3099e-05,2.83195e-05,0.000129828,0.000143608,0.00150917,0.0,2.10515e-05,0.0,0.0,0.00010286,3.91137e-05,0.0,0.0,0.0,0.0,0.000130927,0.0,0.0,0.0,0.0,0.0,0.0,0.00474362,7.85797e-05,0.0,0.0,0.0,0.0,2.14846e-05,0.000131785,0.0,2.04483e-05,0.0,2.60977e-05,9.62455e-05,4.70307e-07,2.21111e-05,0.0,0.0,0.0,0.0,0.0
0.0,0.0,0.0,0.0,0.0,0.0,0.0,0.0,0.0,0.000597336,0.0,0.0,0.0,0.0,0.0,0.0,0.0,0.0,0.0,0.0,0.0,0.0,0.0,0.0,0.0,0.0,0.0,0.0,0.0,0.0,0.0,0.0,0.0,0.0,0.0,0.0,0.0,0.000123245,0.0,6.16527e-06,0.0,0.0,2.39897e-06,0.0,0.0,0.0,0.0,5.56748e-05,0.0,0.0,0.0,0.0,0.0,0.0,0.0,1.46418e-05,0.0,0.0,0.0,1.4387e-06,0.0,0.0,0.0,0.0,0.0,0.0,0.0,0.0,3.33646e-05,4.45741e-06,0.0,0.0,0.0,0.0,0.0,4.78584e-05,0.0,0.0,0.0,0.0,0.0,0.0,0.0,0.0,0.0,0.0,0.0,0.0,0.0,0.0,0.0,5.59161e-05,0.0,1.46757e-05,9.80453e-06,0.0,0.0,0.0,0.0,4.05687e-05
0.0,0.0,0.0,0.0,0.0,0.0,0.0,0.0,0.0,0.0,0.0,0.0,0.0,0.638409,0.0,8.43709e-05,0.0,0.0,0.0,0.0,0.0,0.0,7.35177e-05,0.0,0.0,0.0,0.0,0.0,0.0,0.0,5.39053e-05,7.86627e-05,0.0,0.0,0.0,2.80542e-05,0.0,0.0,0.0,0.0,0.0,0.0,0.0,0.0,0.0,0.0,0.0,2.37054e-05,0.0,0.0,0.0,0.000435757,0.000401823,0.000109173,0.0,0.0,0.0,0.0,0.0,0.0,0.0,0.0,0.0,0.0,0.0,0.0,0.0,0.0,0.0,0.0,0.0,0.0,0.0,0.0,0.0,0.0,0.0,0.0,0.000156985,0.0,0.0,6.32836e-06,0.0,0.0,0.0,0.0,0.0,0.0,0.0,0.0,3.78216e-05,0.0,7.26971e-05,0.0,0.0,0.0,0.0,0.0,0.0,2.08457e-06
0.0,0.128496,0.0,0.0,0.0,0.0,0.0,0.0,0.0,0.0,9.84339e-06,0.0,0.0,0.0,0.0,0.0,0.0,0.0,5.96948e-08,0.000381815,0.0,0.0,0.00663054,0.0,0.0,0.0,0.0,0.0,0.000184013,0.0,5.18176e-05,7.24683e-06,0.0,0.0,0.0,0.0,8.61962e-05,0.0,0.0,5.86277e-05,0.0,0.0,0.0,0.000198436,0.0,0.0,8.07098e-05,0.000672329,0.0,0.0,0.0,0.0,0.0,6.62411e-05,0.0,0.000433215,0.00100042,0.0,0.000168983,0.0,0.000212494,0.0,0.0,0.0,0.0,0.0,0.0,0.0,0.0,0.0,0.0,0.0,0.000105814,0.000116251,0.0,0.0,9.01406e-05,8.17289e-05,0.0,0.000141235,0.0,0.0,0.00473803,0.0,0.0,1.69338e-05,0.0,0.0,0.0,0.0,0.000823131,0.0,0.0,0.0,0.0,5.24911e-05,0.0,0.0,3.74812e-06,0.000145873
0.0,0.0,0.0,0.0,0.00794872,0.0,0.0,0.0,0.0,0.0,3.13491e-05,0.0,0.0,0.0,0.0,9.52793e-05,0.0,0.0,0.0,0.00478219,0.0,0.0,0.0,0.0,0.00777263,0.000906073,6.30475e-06,0.0,0.0,3.70265e-08,0.0,0.000319343,0.0,0.0,0.0,0.000775128,0.0,0.0,0.000197622,0.0330645,0.0,0.0,0.000124695,0.00162501,0.0,0.0,0.0,0.00435072,0.0,0.0,2.132e-05,0.000382744,0.0,0.0,0.0,0.0,0.0,0.0,0.0,0.00159557,0.00452419,0.0,0.0,0.0001986,0.000231548,0.0,0.0,0.0,0.00242431,0.0,0.00119039,0.00374253,0.0,0.000604384,0.00248902,0.0,0.0,0.0,0.00220865,0.000277724,0.0,0.434377,0.0,0.0,0.0,0.0,0.000547714,0.0,0.0,0.0,0.0,0.0,0.0,0.000175683,0.0,0.00183625,7.38721e-05,0.0,6.13567e-05,0.0
0.0,0.0,0.0,0.0,0.00077692,0.0,0.000176773,0.0,0.000198973,0.0,0.0,0.0,0.0,0.0,0.0,0.0,0.0,7.1807e-05,0.0,0.000100428,2.25073e-07,0.0,0.0,0.0,0.0,2.95805e-06,0.0,0.0,0.000676429,0.0,3.70184e-05,9.89522e-05,2.9646e-05,0.0,3.77859e-05,0.0,0.0,5.78599e-05,0.0,7.18144e-06,0.000910195,0.0,4.3101e-05,0.0,4.30791e-06,0.0,0.0,1.44582e-05,0.0,0.000186694,0.0,0.0,0.0,0.0,0.0,0.0,0.0,0.000411014,0.000179173,0.000118664,0.0,0.0,0.0,5.55436e-05,4.73896e-05,0.0,0.0,0.0,0.0,0.0,0.000204104,0.0,0.0,0.0,0.000109942,2.33246e-05,0.0,0.0,0.000215035,1.26562e-06,0.0,0.000116358,0.0,0.0,1.55643e-07,9.15873e-05,0.0,0.0,0.0,0.0,0.0,0.0,0.0,0.0,6.43137e-05,0.0,0.0,0.0,0.0,3.72832e-05
0.0,0.0,0.0,0.0,0.0,0.0,0.0,0.0,0.0,0.0,0.0,0.0,0.0,0.0,0.0,0.0,0.0,0.0,0.0,0.0,0.0,0.0,0.0,0.0,0.0,0.0,0.0,0.0,0.0,0.0,0.0,0.0,0.0,0.0,0.0,0.0,0.0,0.0,0.0,0.0,0.0,0.0,0.0,1.86893e-05,0.0,0.0,0.0,7.62945e-06,0.0,0.0,0.0,0.0,0.0,0.0,0.0,0.0,0.0,0.0,0.0,4.01733e-05,7.81137e-06,0.0,0.0,0.0,0.0,0.0,0.0,0.0,0.0,0.0,0.0,2.41059e-05,0.0,0.0,4.32619e-05,0.0,0.0,0.0,0.0,1.37211e-05,0.0,0.0,0.0,0.0,0.0,0.0,0.0,0.0,0.0,0.0,0.0,0.0,0.0,0.0,0.0,2.02935e-05,0.0,0.0,0.0,0.0
0.0,0.0,0.0,0.0,0.00694682,0.00557886,0.0,0.0,0.0,0.0,0.000395919,0.00186957,0.00118218,0.000135227,0.00105331,0.0,0.0,0.0,8.511e-05,0.00846027,0.0,0.000109537,0.0,0.000820675,0.00404742,0.0,0.000975661,0.0,0.0,0.00617019,0.00464643,0.00217045,0.00318265,0.0,0.0,0.0,0.0,0.00097846,0.0,0.000454301,0.0,0.000570395,0.0,0.000318419,0.000982962,0.0,0.0,0.0,0.0,0.00267869,0.0,0.00114094,0.0,0.000114343,0.0,0.0,0.0,0.0,0.0,0.0,0.0,0.0,0.0,0.00211032,0.0,0.000485066,0.0,0.0,0.000532195,0.0,0.00941328,0.0,1.06992e-05,0.0,0.0,0.0,0.0,0.000318585,0.00547023,0.0,0.000136659,0.00295823,0.0,0.0,0.0,0.0011622,0.00279481,9.47539e-05,0.00298393,0.0,0.0,0.0,8.33068e-05,0.0,0.0,0.0,0.0110627,0.0,0.0022995,0.0
0.0,0.0,0.000265858,0.0,0.0,0.0,0.0,0.0,0.0,0.0,0.0,0.0,0.0,0.0,0.0,0.0,0.0,0.0,0.0,0.0,0.0,0.0,0.0,0.0,0.0,1.0916e-05,0.0,0.0,0.0,0.0,0.0,0.0,0.0,0.0,2.70197e-06,0.0,1.98938e-05,0.0,0.0,0.0176829,0.0,0.0,0.0,0.0,0.0,0.000226985,0.0,0.0,0.0,0.0,0.0,4.20316e-05,0.0,0.0,0.0,0.0,0.0,0.0,0.0,0.0,0.0,0.0,0.0,0.0,0.0,0.0,9.33771e-05,0.0,0.0,0.000457604,0.0,0.0,0.0,0.0,0.0,0.0,0.0,0.0,0.0,0.0,0.0,0.0,0.0,0.0,0.0,0.0,0.0,0.0,0.0,0.0,0.0,0.0,0.0,6.24864e-05,1.25249e-05,0.0,0.0,0.0,0.0,0.0
9.73875e-05,0.0,0.00101699,0.0,0.0,0.0,0.0,0.0,0.0,0.0,0.0,0.0414442,5.09195e-06,0.0,0.0,7.72597e-05,0.0,0.0,0.0,0.0,0.0,0.0,0.0,0.0,0.0,0.0,0.0,0.0,0.0,0.0,0.0,0.0,0.0,0.0,0.0,0.00013035,0.0,0.0,0.0,0.0,0.0,0.0,0.0,0.0,0.0,0.0,5.71357e-06,0.0,0.0,0.0,0.0,0.0,0.0,0.0,0.0,0.00011363,0.0,0.0,0.000165713,8.27624e-05,0.0,0.0,0.0,0.0,0.0,8.84085e-05,0.0,0.0,2.67141e-05,0.0,0.0,0.0,0.0,0.000117918,0.0,0.0,0.0,0.0,7.33838e-05,0.0,0.0,0.0,0.0,0.0,0.0,0.0,0.0,0.0,0.0,0.0,0.0,0.0,0.0,0.0,5.01234e-05,0.0,0.0,0.0,0.0,0.0
0.0,0.00298557,0.0,0.0016279,0.0,0.0,0.0,0.0,0.0,0.0,0.0,0.000123534,0.00022635,0.0,0.0,6.21253e-05,0.0248145,0.0,0.0,0.000806183,0.0,0.0,0.0,0.0,0.0,0.0,0.000621062,0.0,0.0,0.0,0.0,8.21756e-05,0.0,0.0,0.0,0.0,0.0,0.0,0.0,0.000370451,0.0,0.0,0.0,0.0,0.0,0.0,0.0,0.0013204,0.0,0.000290922,0.0,0.0,0.0,0.0,0.0,0.0,0.0,7.23863e-05,0.0,0.0,0.0,0.0,0.0,0.0,0.0,0.000202529,0.000444331,0.0,1.75442e-05,0.0,0.0,0.0,1.25128e-05,0.0,0.0,0.0,0.0,0.0,0.0,0.0,0.019551,0.000411048,0.0,0.0,0.0,0.0,0.000158372,0.0,0.0,0.0,0.0,0.000170073,0.0,1.30898e-05,0.0,0.0,0.0,0.000789124,0.000182813,0.0
0.0,0.0,0.0,0.0,0.0,0.0,0.0,0.0,0.0,0.00333668,0.0,0.0,0.0,0.0,0.0,0.0,0.0,0.0,0.0,0.0,0.0,0.0,0.0,0.0,0.0,0.0,0.0,0.0,0.0,0.0,6.81031e-05,0.0,0.0,0.0,0.0,0.0,0.0,0.00145869,0.0,0.0,0.0,0.0,0.0,0.0,0.0,0.0,0.0,0.0,0.0,0.0,0.0,0.0,0.0,0.0,0.0,0.0,0.0,0.0,0.00033597,0.0,0.0,0.0,0.0,4.9959e-05,0.0,0.0,0.0,0.0,0.0,0.0,0.0,0.0,0.0,0.0,0.0,0.000318714,0.0,0.0,0.0,0.0,0.0,0.0,0.0,0.0,0.0,0.0,0.0,0.0,0.0,0.0,0.0,0.0,0.0,0.0,0.000208238,0.0,0.0,0.0,0.0,0.0
0.0,0.0,0.0,0.0,0.0,0.0,0.0,0.0,0.0,0.0,0.0,0.0,0.000450304,0.0,0.0,0.0,0.0,0.0,0.000125121,0.0,6.26367e-05,0.0,0.0,0.0,0.0,0.0,0.0,0.0,0.0,0.0,0.0,0.0,0.0,0.0,0.0,0.0,0.00490465,0.0,0.0,0.0,0.0,0.0,3.79097e-05,0.000308571,3.44158e-05,0.0,0.0,0.0,0.0,0.0,0.0,0.0,0.0,0.0,0.0,0.0,0.0,0.0,0.0,2.52864e-05,0.0,0.0,0.0,0.000262309,0.0,0.0,0.0,0.0,0.0,0.0,0.0,0.0,0.0,0.0,0.000282926,0.0,0.0,0.0,0.0,0.0,0.0,0.0,0.0,5.67232e-05,0.0,0.0,0.000216648,0.0,0.0,0.00574092,0.0,0.0,0.0,0.0,0.0,0.0,0.0,0.0,0.0,0.0
0.0,0.0,0.0,0.0,0.0,0.0,0.0,0.0,0.0,1.46901e-07,0.0,0.0,0.0,0.0,0.0,0.0,0.0,0.0,0.0,0.0,0.0,0.0,0.0,0.0,0.0,0.0,0.0,0.0,0.0,0.0,0.0,0.0,0.0,0.0,0.0,0.0,0.0,0.0,0.0,0.0,0.0,0.0,0.0,0.0,0.0,0.0,0.0,0.0,0.0,0.0,0.0,0.0,0.0,0.0,0.0,0.0,0.0,0.0,0.0,0.0,0.0,0.0,0.0,0.0,0.0,0.0,0.0,0.0,0.0,0.0,0.0,0.0,0.00022459,0.0,0.0,0.0,0.0,0.0,0.0,0.0,0.0,0.0,0.0,0.0,0.0,0.0,0.0,0.0,0.0,0.000640801,0.0,0.0,0.0,0.0,0.0,0.0,0.0,0.0,0.0,0.0
0.0,0.0,0.0,0.0,0.0,0.0,0.0,0.0,0.0,0.0,0.0,0.0,0.0,0.0,0.0,0.0,0.00358239,0.0,0.0,0.0,0.0,0.0,0.0,0.0,0.0,0.0,0.0,0.0,0.0,0.000198614,0.0,0.0,0.0,0.0,0.0,0.0,0.0,0.0,0.0,0.0,0.0,0.0,0.0,0.0,0.0,0.0,0.0,0.0,0.0,0.0,0.0,0.0,0.0,4.98952e-05,0.0,0.0,0.0,0.0,0.0,0.0,0.0,0.0,0.0,0.0,0.0,0.0,0.0,0.0,0.0,0.0,0.0,0.0,0.0,0.0,0.0,0.0,0.0,0.0,0.0,0.0,0.000357885,0.0,0.0,0.0,0.0,0.0,0.0,0.0,0.0,0.0,0.0,0.0,0.0,0.0,0.0,0.0,0.0,0.0,0.0,0.0
0.0,0.0,0.0,0.0,0.0,0.0,0.0,0.0,0.0,0.0,0.0,0.0,0.0,0.0,0.0,0.0,0.0,0.0,0.0,0.0,0.0514006,0.0,0.0,0.0,0.0,0.0,0.0,0.0,0.0,0.0,0.0,0.0,0.0,0.0,4.03804e-06,0.0,0.0,0.0,0.00017698,0.0,0.0,0.0,0.0,0.0,0.0,5.72636e-05,0.0,0.0,0.0,0.0,0.0,0.0,0.0,0.0,0.0,0.0,0.0,9.96004e-05,0.0,0.0,0.0,0.0,0.0,0.0,0.0,6.79362e-05,0.0,0.000369952,0.000344155,0.0,0.0,0.0,0.0,0.0,0.0,0.0,0.0,0.0,0.0,0.0,0.0,0.0,0.0,0.0,0.0,0.0,0.0,0.0,0.0,0.0,0.0,0.0,0.0,0.0,0.0,0.0,0.0,0.0,0.0,0.0
0.0439573,0.0,0.0,0.000866604,0.0,0.0,0.0,0.0,0.0,0.0,0.0,0.0,0.0,0.0,0.0,6.1823e-05,0.0,0.0,0.0,0.0,0.00254429,0.0,0.0,0.0,0.0,0.0,0.0,0.0,0.0,0.0,0.0,0.0,0.0,0.000153098,0.0,0.000220386,0.000478949,4.47308e-05,0.0,0.00021688,0.00024541,0.00143037,0.00312042,0.000172711,0.0,0.0,0.0,0.0,0.0,0.0,0.000442626,0.0,0.0,0.0,0.0,0.006202,0.0,0.0,0.0,0.0,0.0,0.0,0.0,0.0,0.0,0.0,0.0,0.0,0.0,8.81424e-05,0.0,0.0,0.0,0.000413073,3.88101e-05,0.0,0.0,0.0,0.0,0.0,1.77182e-05,0.0,0.00275507,0.0,0.0,0.0,0.0,3.01578e-05,0.0,0.0,0.00548689,0.0,0.0,0.000434252,0.0,2.08199e-05,1.73986e-05,0.0254067,0.0,0.0
0.0,0.0,0.000309096,0.0,0.0,0.0,0.00154571,0.0,0.0,0.0,0.0,0.0,6.00639e-05,0.0,0.00129323,0.0,0.0,0.0,0.0,0.0,0.0,0.0,0.0,0.0,0.0,0.0,0.0,0.0,0.0,0.00120372,0.0,0.0,0.0,0.000301743,0.0,0.0,0.0,0.0,7.00982e-05,0.000247303,0.0,2.15916e-05,0.000196081,0.0,0.000646626,0.0,0.000687854,0.0283413,0.00208916,0.0,1.58512e-05,8.08677e-05,0.0,0.0,0.0,0.0,0.0,0.000326281,0.00195591,0.00534328,0.0,0.0,0.0,0.0,0.00152699,0.0,0.0,0.000461659,0.0,0.00034895,0.0,0.0463018,0.0,0.00762582,0.0,0.0,4.9336e-06,0.0,0.0,0.0042449,0.0,0.0,0.0,0.0,0.0,0.0,0.000182348,0.000159971,0.000250006,0.0,0.000182476,0.00262698,0.0,0.0,0.0,0.000208876,0.0,0.0,0.0,0.00156344
0.0,0.0,0.0,0.0,0.0,0.0,0.0453552,0.0,0.0,0.0,0.0,0.0,0.0,0.0,0.0,0.00031524,0.0,0.0,0.0,0.0,0.0143947,0.000203606,0.0,0.0,0.0,0.0,0.0,0.0,0.0,0.0,1.74772e-05,0.0,0.0,0.0,0.0,0.0,0.0,0.0,0.0,0.0,0.0,0.0,4.79909e-05,0.0,0.0,0.0,0.0,3.57068e-05,0.0,0.0,0.0,0.0,0.0,0.000220445,0.0,0.0,0.0,0.0,0.0,1.60373e-05,0.0,0.0,0.0,0.0,0.0,0.0,0.0,0.0,0.0,0.0,0.0,0.0,0.0,0.0,0.0,0.0,0.0,7.51078e-05,2.8518e-05,0.0,0.0,0.0,0.0,0.0,0.0,0.0,0.0,0.0,0.0,0.0,0.0,0.0,0.0,0.0,0.0,0.0,0.0,0.0,0.0,0.0
0.0,0.129964,0.00233134,0.0,0.0,0.0,0.0,0.0,0.0,0.0,0.0,0.0,0.0,0.0,0.0,0.0,0.0,0.0,0.0,0.000118926,0.0,0.0,0.0223383,0.0,0.0,0.0,0.0,0.0,0.00027603,0.000115377,0.0,0.0,0.000187379,0.0,0.0,0.000100695,0.0,0.00016628,0.0,0.0,0.0,0.0,0.0,0.0,0.0,0.0,0.0,0.0,0.0,0.000146828,0.0,0.0,0.0,0.0,0.0,0.000470854,0.0,0.0,0.0,0.000120953,0.0,0.0,0.0,0.0,0.0,0.0,0.0,0.0,0.0,0.0,0.0,0.0,0.0,0.0,0.0,0.0,0.0,0.0,0.0,0.0,0.0,4.89338e-05,0.0,0.0,0.0,0.0,0.0,0.0,0.0,6.81235e-05,0.0,0.0,0.0,0.0,0.0,0.0,0.0,0.0,7.45449e-05,0.0
0.0,0.0,0.0,0.0,0.0,6.80362e-05,0.0,0.0,0.0,0.0,1.54293e-05,0.0,0.0,0.0,0.0,0.0,0.0,0.0,1.84333e-08,0.0,0.0,0.0,0.0,0.0,0.0,0.0,0.0,0.0,0.0,0.0,0.0,0.0,0.0,0.0,0.0,0.0,7.39905e-07,0.0,0.0,0.0,0.0,0.0,0.0,0.0,0.0,4.7919e-05,0.0,0.0,0.0,0.0,0.0,0.0,0.0,0.0,0.0,8.24632e-06,0.0,0.0,0.0,0.0,0.0,0.0,0.0,0.0,0.0,0.0,0.0,0.0,0.0,0.0,0.0,0.0,0.0,0.0,0.0,0.0,0.0,0.0,0.0,0.0,4.19287e-05,0.0,0.0,0.0,2.02409e-06,0.0,0.0,0.0,0.0,0.0,0.0,0.0,0.0,0.0,0.0,0.0,0.0,0.0,5.36446e-07,0.0
0.0,0.0,0.0,0.0,2.10327,0.0,0.0,0.0,0.0,0.0,0.0,0.0,0.0,0.0,0.0,0.0,0.0,0.0,0.0,0.0,0.0,0.0,0.0,0.0,0.0,0.0,0.0,0.0,0.0,0.0,0.0,0.0,0.0,0.0,0.0,0.0,0.0,0.0,0.0093621,0.0,0.0,0.0,0.0,0.0,0.0,0.0,0.0,0.0,0.0,0.0,0.0,0.0,0.0,0.0,7.40085e-05,0.0,0.0,0.0,0.0,0.0,0.0,0.0,0.0,0.0,0.0,0.0,0.0,0.0,0.0,0.0,0.0,0.0,0.0,0.0,0.0,0.0,0.0,0.393284,0.0,0.0,0.0,0.0,0.0,0.330631,0.0,0.0,0.0,0.0188321,0.0,0.0,0.0,0.0,0.0,0.0,0.0,0.0,0.0,0.0,0.0,0.0
0.0,0.0,0.0,0.0,0.0,0.0,0.0,0.0936154,0.000937363,0.0,0.000582014,0.0,0.000252202,0.000143616,0.000215407,0.0,0.0,0.0,0.0,0.0,0.0,0.000147414,0.0,0.0,0.0,0.0,0.000337063,0.0004255,0.000419562,0.0,0.0,0.0,7.40322e-05,0.0,0.0,0.000592929,0.0,0.00092588,0.0,0.0,0.0,0.0,2.89686e-05,0.000134848,0.000156839,0.0,0.0,0.0,0.0,2.01107e-06,5.65985e-05,0.0,0.0,0.00305657,0.0,0.0,0.0,0.000315083,0.0,0.0,0.0,0.000230737,2.09844e-05,0.000471239,0.0,5.28323e-05,4.10673e-06,0.0,0.0,0.0,0.0,0.0,0.0,0.0,0.000300938,0.0,0.00016591,0.0,0.0,3.39238e-05,0.0,0.0,0.0,0.0,0.0,0.0,0.00042193,0.0,0.0,0.0,0.0,0.000246395,6.54477e-05,0.00758898,0.0,0.0,0.0,0.0,0.000134787,0.0
0.0,0.0,0.0,0.0,0.0,0.0,0.0,0.0,0.0,0.0,0.0,0.0,0.0,0.0,0.0,0.0,0.0,0.0,0.0,0.0,0.0,0.0,0.0,0.0,0.0,0.0,0.0,0.0,0.0,0.0,0.0,0.0,0.0,0.0,0.0,0.0,0.0,0.0,0.0,0.0,0.0,0.0,8.65111e-06,0.0,0.0,0.0,0.0,0.0,0.0,0.0,0.0,0.0,4.63513e-05,0.0,0.0,0.0,1.53236e-05,0.0,0.0,0.0,0.0,0.0,0.0,0.0,0.0,0.0,2.40833e-06,0.0,0.0,0.0,0.0,0.0,0.0,0.0,0.0,0.0,0.0,0.0,0.0,0.0,0.0,0.0,0.0,2.07415e-06,0.0,0.0,0.0,0.0,0.0,0.0,3.82613e-06,0.0,0.0,0.0,0.0,0.0,0.0,0.0,0.0,0.0
0.0,0.0,0.0,0.0,0.0,0.0,0.0,0.0,0.0,0.0,0.0,1.22136e-05,0.0,0.0,0.0,0.0,0.0,0.0,1.46699e-08,0.0,5.36838e-06,0.0,0.0,0.0,0.0,0.0,0.0,0.0,0.0,5.4963e-05,0.0,0.0,0.0,0.0,0.0,0.0,0.0,0.0,6.20583e-05,0.0,0.0,0.0,0.0,0.0,0.0,0.0,0.0,0.0,0.0,0.0,0.0,0.0,0.0,0.0,0.0,0.0,0.0,0.0,0.0,0.0,0.0,0.0,0.0,0.0,0.0,0.0,0.0,0.0,0.0,0.0,0.0,0.0,0.0,0.0,0.0,0.0,0.0,0.0,0.0,0.0,0.0,0.0,0.0,0.0,0.0,0.0,0.0,0.000375521,0.0,0.0,0.0,0.0,0.0,0.0,0.0,0.0,0.0,0.0,0.0,0.0
0.0,0.0,0.00474816,0.0,0.00152356,0.00122898,0.0,0.0,0.0,0.0,0.000180892,0.000383809,0.0,3.82336e-06,8.44788e-05,2.16949e-05,0.0,7.72755e-05,0.0,0.000157263,0.0,0.0,0.0,0.0,0.000685593,1.89205e-06,0.000139711,0.0,0.000275351,0.0001263,1.26479e-05,9.10813e-06,6.38077e-05,0.0,0.000133556,0.0,0.0,0.0,0.0,0.0,0.0,0.0,3.11694e-05,0.000274247,0.000130738,0.0,2.14701e-05,0.0,0.0,0.000116358,0.000112532,0.0,0.0,2.77554e-05,0.0,0.0,0.0,8.8885e-05,0.0,0.0,0.000176677,0.0,0.0,1.73011e-05,0.0,7.86214e-05,0.0,0.0,0.0,8.92405e-05,0.000146751,0.000568104,0.0,0.000233007,0.0,0.0,0.0,0.0,0.000209352,2.19172e-05,0.0,3.08073e-05,0.0,0.0,0.0,0.0,0.000153014,0.0,0.0,1.83735e-06,0.0,0.000104834,0.000271627,0.000168646,0.000575667,4.55385e-05,0.0,0.0,3.68944e-05,0.0
0.0,0.0,0.0104072,0.0,0.00146682,0.0,0.0,0.0537513,0.0,0.0,0.0,0.000872037,0.0,0.0,0.0,0.0,0.0,0.000153992,0.0,8.14241e-05,0.0,0.0,0.0,0.0,0.0,0.0,0.0,3.66181e-05,0.000231639,0.0,0.0,0.000105282,0.0,0.0,2.14659e-05,0.0,0.0,0.000868402,0.0,9.54541e-05,0.0,0.0,0.0,8.79538e-05,0.0,0.0,0.0,0.0,0.0,0.000172837,0.0,0.0,0.0,0.0,0.0,0.000228166,0.0,4.57397e-05,2.30934e-05,2.14056e-06,7.60262e-06,0.0,0.0,0.0,0.0,0.000100607,0.0,0.0,0.0,0.0,0.000212493,0.0,0.0,0.0,0.000205937,0.0,0.000313034,0.0,0.00104131,7.87963e-06,3.69802e-05,0.000160826,0.0,0.0,0.0,0.000444221,0.0,0.0,0.0,0.0,0.0,0.0,0.0,0.0,0.000746794,0.0,0.0,0.0,2.48819e-05,0.0
0.0,0.0,0.0,0.0,0.0,0.0,0.0,0.0,0.0,0.0,0.0,0.0,6.19167e-06,0.0,0.0,9.50044e-05,0.0,0.0,0.0,0.0,0.0,0.0,0.0,0.0,0.0,0.0,0.000288403,8.73744e-06,0.0,0.0,0.0,0.0,0.0,0.0,0.0,0.0,0.0,0.000136823,0.000133497,0.0,0.0,0.0,0.0,0.0,1.62643e-05,0.0865938,0.0,0.0,0.0,0.0,0.0,0.0,0.0,0.0,0.0,0.0,0.0,0.0,0.0,0.0,0.0,0.0,0.0,0.0,0.0,0.0,0.0,0.0,0.0,0.0,0.0,0.0,0.0,0.0,0.0,0.0,0.0,0.0,0.0,0.0,0.0,0.0,0.0,0.0,0.0,0.0,0.0,0.0,0.0,0.0,0.0,0.0,0.0,2.21657e-06,0.0,0.0,0.0,0.0,0.0,0.00044146
0.00297773,0.0,0.0,0.00252975,0.0,0.00310041,0.000697823,0.0,0.0,0.00261092,0.0,0.0,0.0,0.0,0.0,0.0,0.0,0.0,0.0,0.000179557,0.0,2.63698e-05,0.000104363,0.0,0.0,0.0,0.0,0.0,0.0,0.0,0.0,0.0,0.0,0.0,0.0,0.0,0.0,0.000992902,0.0,0.0,0.0,0.0,0.000129689,0.00408849,4.66306e-05,9.21882e-05,0.000320725,0.0,0.0,0.000104662,5.83365e-05,0.0,0.0,0.0,0.0,0.0,0.0,0.0,0.0,0.00205481,0.0,0.0,0.000423659,0.0,0.0,0.0,0.0,0.0,0.0025054,0.0,0.000199428,0.00176644,0.0,0.0091455,0.00461986,0.000145987,0.0,0.000106848,0.0,0.00160711,0.000140028,5.26592e-05,0.0,0.0,4.75352e-05,0.0,0.0,0.0,0.000408722,0.0,0.0,0.00016096,0.000300296,0.0,7.41033e-05,0.00296617,0.0019958,0.0,0.0,0.0
0.0,0.0,0.0,0.0,0.0,0.0,0.0,0.0,0.0,0.0,0.0,0.0,0.0,0.0,0.0,0.0,0.0,0.0,0.0,0.0,0.0,0.0,0.0,0.0,0.0,0.0,0.0,0.0,0.0,0.0,0.0,0.0,0.0,0.0,0.0,0.0,0.0,0.0,0.0,1.06267e-05,0.0,0.0,0.0,0.0,0.0,0.0,0.0,0.0,0.0,0.0,0.0,0.0,0.0,0.0,0.0,0.0,0.0,0.0,0.0,0.0,0.0,0.0,0.0,0.0,0.0,0.0,0.0,0.0,0.0,0.0,0.0,0.0,0.0,0.0,0.0,0.00125442,0.0,0.0,0.0,0.0,0.0,0.0,0.0,0.0,0.0,0.0,0.0,0.0,0.0,0.0,0.0,0.0,0.0,1.20465e-05,0.0,0.0,0.0,0.0,0.0,0.0
0.0,0.0,0.0,0.0,0.0,0.0,0.0,0.0,0.0,0.0,0.0,0.0,0.0,0.0,0.0,0.0,0.0,0.0,0.0,0.0,0.0,0.0,0.0,0.0,0.0,0.0,0.0,0.0,0.0,0.0,0.0,0.0,0.516894,0.0,0.0,0.0,0.0,0.0,0.0,0.0,0.0,0.0,0.0,0.0,0.0,0.0,0.0,0.0,0.0,0.0,0.0,0.0,0.0,0.0,0.0,0.0,0.0,0.0,0.0,0.0,0.0,0.0,0.0,0.0,0.0,0.0,0.0,0.0,0.0,0.0,0.0,0.0,0.0,0.0,0.0,0.0,0.0,0.0,0.0,0.0,0.0,0.0,0.0,0.0,0.0,0.0,0.0,0.0,0.0,0.0,0.0,0.0,0.0,0.0,0.0,0.0,0.0,0.0,0.0,0.0
0.0,0.0,0.0,0.0,0.000672894,0.0,0.0,0.0635721,0.0,0.0,0.0,0.0,0.0,0.000125265,0.0,0.00252628,0.0,0.0,0.0,0.0,0.0,0.0,0.0,0.000122117,0.0,0.0,0.0,0.0,0.0,0.0,0.0,7.99199e-05,0.0,0.00382422,0.0,0.0,0.0,0.0,1.08587e-05,0.0,0.0,0.0,0.0,0.0,0.0,0.0,5.23532e-05,0.0,0.0,0.000424838,0.0,0.0,0.0,0.00895331,0.0,0.0,0.0,0.0,0.0,0.0,0.0,0.0,0.0,0.0,0.0,0.0,0.0,0.0,0.0,0.0,0.0,0.0,0.0,0.000501198,0.0,0.0,0.0,0.0,0.0,0.0,0.0,0.0,0.0,0.0,3.19415e-06,0.0,0.0,0.0,0.0,0.0,0.0,0.0,0.0,0.0,0.0,0.0,0.0,0.0,0.0,0.0
0.000560448,0.0,0.000484684,0.0,0.0,0.0,0.0,0.0,0.0,0.0,0.0,0.0,0.0,0.0,1.2501e-05,0.0,0.0,0.0,0.0,0.0,0.0,0.0,0.0,0.0,0.0,0.0,0.0,0.0,0.0,0.0,1.44048e-06,0.0,0.0,0.0,0.0,0.0,0.0,0.00880513,0.0,0.0,0.0,0.0,0.0,0.0,0.0,0.0,0.0,0.0,0.0,0.0,0.0,0.0,0.0,0.0,0.0,0.0,0.0,0.0,0.0,0.0,6.21522e-05,0.0,1.95631e-06,5.85889e-05,4.72089e-05,0.0,0.0,0.0,5.3728e-05,0.0,0.000252287,0.0,0.0,0.0,6.71359e-06,0.00352469,0.0,6.3167e-06,0.0,0.0,0.0,0.0,0.0,0.0,0.0,0.0,5.36788e-05,0.0,0.0,0.0,0.0,0.0,0.0,0.0,2.43885e-05,3.03742e-06,0.0,0.0,0.0,8.95757e-05
0.0,0.00386937,0.00321591,0.0,0.000325844,0.0,0.127009,0.0,0.0,0.0,0.0,0.0,0.0,0.0,0.0,0.0,0.0,0.0,0.0,0.0,0.0450287,0.000306402,0.0,0.0,0.0,0.0,0.0,0.0,0.0,0.0,0.0,0.0,5.77937e-06,0.0,0.0,0.0,0.0,0.0,0.0,0.0,0.0,0.0,0.000561611,0.0,1.86153e-05,0.0,0.0,0.000616119,0.0,0.0,0.0,0.0,0.0,0.0,0.0,6.35905e-05,0.0,0.0,0.0,0.0,0.000297052,0.0,0.0,0.0,0.000116556,0.000156514,0.0,0.0,0.0,0.0,7.49086e-05,0.0,0.0,0.0,0.0,0.0,0.000115361,0.0,0.0,5.66108e-05,0.0,0.0,0.0,0.0,0.0,9.81132e-06,0.0,0.0,0.0,0.0,0.0,0.0,0.0,0.0,0.0,0.0,0.0,0.0,0.0,0.0
0.0,0.0,0.0,0.0,0.0,0.0,0.000315349,0.0150385,0.0,0.0,0.0,0.0,0.0,0.0,0.0,0.00118541,0.0,0.0,0.0,0.0,0.0,0.0,0.0,0.0,0.0,0.0,0.0,0.0,0.0,0.0,0.0,0.0,0.000314241,0.0,4.063e-05,0.0,0.0,0.0,0.0,0.0,0.0,0.0,0.0,4.07107e-05,0.0,1.01864e-05,0.0,0.0,0.0,0.0,1.54133e-05,0.000171574,0.0,0.0,0.0,0.0,0.0,0.000426886,0.000186269,0.0,0.0,0.0,0.0,0.0,0.0,0.0,0.0,0.00232532,0.0,0.0,0.0,6.1558e-06,0.0,0.0,0.0,0.0,0.0,0.0,0.0,1.28698e-05,0.0,0.0,0.0,0.000244236,0.0,3.31055e-05,0.0,0.0,0.0,1.32667e-05,0.0,0.0,0.0,0.000278163,0.0,0.0,0.0,0.0,0.0,0.0
0.0,0.0,0.0,0.0,0.0,0.0,0.0,0.0,0.0,0.0324154,0.000532048,0.0,6.48296e-05,0.0,0.0,0.0,0.0,2.44579e-06,0.0,0.0,0.0,4.69174e-05,0.0,0.0,0.0,6.4801e-06,8.90526e-05,0.0,0.0,0.0,0.0,0.0,0.0,0.0,1.24569e-05,0.0,0.0,0.000409146,0.0,0.0,0.0,0.0,0.0,0.000279885,0.0,0.0,0.0,0.0,0.0,0.0,0.0,0.0,0.0,0.0,0.0,0.0,0.0,0.0,0.0,0.0,0.0,0.0,0.0,0.0,0.0,0.0,0.0,0.0,0.0,0.0,0.0,0.0,0.0,0.0,0.0,0.0,0.0,0.0,0.0,0.0,0.0,0.0,0.0,2.75843e-05,0.0,5.29526e-05,2.28283e-05,0.0,0.0,0.0,0.0,0.0,0.0,1.37392e-06,0.0,0.0,0.0,0.0,0.0,0.0
0.0,0.0,0.0,0.00195193,0.0,0.0,0.0,0.000153532,0.000246789,0.0,0.0,0.0,0.0,0.0,0.0,0.000476871,0.000392508,0.0,0.0,0.0,0.0,0.0,0.0,0.0,0.0,0.0,0.0,0.0,0.0,0.0,0.0,0.0,0.0,0.000555482,0.0,0.0,0.0,0.0,0.0,0.0,0.0,8.35422e-05,0.000192347,0.0,0.0,4.48169e-05,7.22659e-05,0.00112102,0.0,0.0,0.0,0.0,0.0,0.0,0.0,0.0,0.000104004,0.0,0.000537091,0.0,0.0,0.0,0.0,0.0,0.0,0.0,0.0,0.0,0.000698053,0.0,0.0,0.00518873,0.0,0.00373831,0.0,0.0,2.5308e-05,0.0,0.0,0.0,0.0,0.0,0.0,0.0,0.0,0.000211949,0.0,0.0,0.0,0.0,0.0,8.61347e-05,0.0,0.0,0.0,0.0,0.0,0.0,0.0,0.0
0.0,0.00253237,0.0,0.0,0.0,0.0,0.0,0.0,6.82987e-05,0.0,0.0,0.0,0.000436147,0.0,0.0,0.0,0.0,0.0,0.0,0.0,0.0,0.0,0.000207044,0.0,0.0,0.0,0.0,5.56356e-05,0.0,0.0,0.0,0.0,0.0,0.0,0.0,0.0,0.0,0.0,0.0,0.0,0.0,0.0,2.40312e-05,0.0,4.90079e-05,0.0,0.0,0.0,7.42891e-05,0.0,0.0,0.0,0.0,0.0,0.0,0.0,0.0,0.000147923,0.000344665,0.0,0.0,0.0,0.0,0.0,2.7174e-05,3.29193e-05,0.0,0.0,0.0,1.17595e-05,0.0,0.0,0.0,0.0,0.0,0.0,0.0,0.0,0.0,0.0,0.0,0.0,0.0,9.17336e-05,0.0,0.0,0.0,0.0,0.0,0.0,0.0,0.0,0.0,0.0,0.0,0.0,0.000150884,0.0,0.0,0.0
0.0,0.0,0.0,0.0,0.0,0.0,0.0,0.0,0.0,0.0,1.25123e-05,0.0,0.0,0.0,0.0,0.0,0.0,0.0,0.0,0.0,0.0,0.0,0.0,0.0,1.63419e-05,0.0,0.0,0.000176112,0.0,0.0,0.0,0.0,4.26637e-06,0.0,0.0,1.75991e-05,0.0,0.0,0.0,0.0,9.5199e-06,6.68265e-05,2.12988e-05,1.8303e-05,0.0,0.0,3.68663e-05,1.13794e-05,0.0,0.0,0.000103906,0.0,0.000533626,0.0,0.0,3.14651e-05,0.0,0.0,1.1446e-05,0.0,0.0,5.20283e-05,0.0,0.0,0.0,0.0,0.0,0.0,0.0,0.0,0.0,0.0,0.0,0.0,1.46402e-05,0.0,0.0,0.0,0.0,0.0,0.0,0.0,0.000740783,0.0,0.0,0.0,0.0,0.0,1.3129e-05,0.0,0.00051248,0.0,0.0,0.0,0.0,0.0,0.0,0.0,0.0,7.8818e-06
0.00277932,0.0,0.0,0.0,0.0,0.0,0.0,0.0,0.0,0.0,0.000141538,0.0,0.0,0.000166175,0.0,0.0,0.0,0.0,0.0,0.0,0.0,0.00076174,0.0,0.000276538,0.0,0.0,0.0,0.0,0.0,0.0,0.0,0.0,0.0,0.0,0.000160795,0.000167235,8.25629e-06,0.0,0.0,0.0191576,0.0,0.0,7.34342e-05,0.0,0.0,0.0,0.000162019,0.0,5.50551e-05,0.000272319,0.0,0.0,0.0,0.0,0.00116414,0.0,0.0,0.0,1.99616e-05,0.0,0.0,0.0,0.000399757,0.0,0.0,0.0,0.0,0.0,0.0,0.0,0.0,0.0,0.0,0.0,0.0,0.0,0.0,0.0,0.0,0.0,0.0,5.6084e-05,0.0,0.0,3.86819e-05,0.000102883,0.0,1.45848e-05,0.0,0.0,0.0,0.0,0.0,0.0,0.000103527,0.0,0.0,0.0,0.0,0.0
0.000113479,0.0,0.0,0.0,0.0,0.0,0.0,0.0,0.0,0.0,0.0,0.000676787,0.0,0.0,0.0,0.0,0.0,0.0,0.0,0.0,0.0,0.0,0.0,0.0,0.0,0.0,0.0,0.0,0.000107968,0.0,1.25391e-06,0.0,0.0,0.0,0.0,0.0,0.0,0.0,0.0,0.0,0.0,0.0,0.0,0.00160715,0.0,0.0,0.0,0.000229651,1.82723e-05,3.21991e-05,0.0,0.0,0.0,0.0,0.0,0.0,0.0,0.0,0.0,0.0,0.0,2.78775e-05,0.0,0.0,0.0,0.0,0.0,0.0,0.000235491,0.0,0.0,0.00118424,0.0,0.00054097,6.68345e-05,0.0,4.17492e-05,0.0,0.0,9.66296e-05,0.0,2.15663e-05,0.0,0.0,0.0,2.73365e-05,1.97828e-06,0.0,0.0,0.0,0.0,0.0,0.0,2.46937e-05,0.0,0.000479085,0.0,0.0,0.0,0.0
0.0,0.0,0.0,0.0,0.0,0.0,0.0,0.0,0.0,0.0,0.0,0.0,0.0,0.0,0.0,0.0,0.0,0.0,0.0,0.0,0.0,0.0,0.0,0.0,0.0,0.0,0.0,0.0,0.0,0.0,0.0,0.0,0.0,0.0,0.0,0.0,0.0,0.0,0.0,0.0,0.0,0.0,0.0,0.0,0.0,0.0,0.0,0.0,0.0,0.0,0.0,0.0,0.0,0.0,0.0,0.0,0.0,0.0,0.0,0.0,0.0,0.0,0.0,0.0,0.0,0.0,0.0,0.0,0.0,0.0,0.0,0.0,0.0,0.0,0.0,0.0,0.0,0.0,0.0,0.0,0.0,0.0,0.0,0.0,0.0,0.0,0.201159,0.0,0.0,0.0,0.0,0.0,0.0,0.0,0.0,0.0,0.0,0.0,0.0,0.0
0.0,0.0,0.0,0.00546396,0.0,0.0,0.0,0.45932,0.0,0.0,0.0,0.000435206,0.0,0.0,0.0,0.0,0.0,0.0,0.0,0.0,0.0,0.0,0.0,0.0,0.0,0.0,0.00077538,0.0,0.0,0.0,0.0,0.000124287,0.0,0.0,0.0,0.00156063,0.0,0.0,0.0,0.0,0.0,0.0,0.0,0.0,0.0,7.7456e-05,0.000671577,0.00224502,0.000267638,0.0,0.0,0.0,0.0,0.0,0.0,0.0,0.0,0.0,0.00019981,3.27739e-05,0.0,0.0,0.000175616,0.0,0.0,0.0003688,0.0,0.0,0.00262058,0.0,0.0,0.0,0.0,0.0,0.0,0.322395,0.00100167,9.93531e-05,0.00183255,0.0,0.0,0.0,0.0,0.0,0.0,0.0,0.00033693,0.0,0.0,0.0,0.0,0.0,6.79216e-05,0.0165839,0.0,0.00110225,0.0,0.0,2.56776e-05,0.0
0.0,0.216607,0.00388557,0.0,0.0,0.0,0.0,0.0,0.0,0.0,0.0,0.0,0.0,0.0,0.0,0.0,0.0,0.0,0.0,0.00019821,0.0,0.0,0.0372305,0.0,0.0,0.0,0.0,0.0,0.00046005,0.000192295,0.0,0.0,0.000312299,0.0,0.0,0.000167826,0.0,0.000277134,0.0,0.0,0.0,0.0,0.0,0.0,0.0,0.0,0.0,0.0,0.0,0.000244714,0.0,0.0,0.0,0.0,0.0,0.000784757,0.0,0.0,0.0,0.000201588,0.0,0.0,0.0,0.0,0.0,0.0,0.0,0.0,0.0,0.0,0.0,0.0,0.0,0.0,0.0,0.0,0.0,0.0,0.0,0.0,0.0,8.15564e-05,0.0,0.0,0.0,0.0,0.0,0.0,0.0,0.000113539,0.0,0.0,0.0,0.0,0.0,0.0,0.0,0.0,0.000124241,0.0
0.0,0.0,0.0,0.0,0.0,0.0,0.0,0.0,0.0,0.0,0.0,0.0,0.0,0.0,0.0,0.0,0.0,0.0,0.0,0.0,0.0,0.0,0.0,0.0,0.0,0.0,0.0,0.0,0.0,0.0,0.0,0.0,0.0,0.0,0.0,0.0,0.0,0.0,0.0,0.0,0.0,0.0,0.0,0.0,0.0,0.0,0.0,0.0,0.0,0.19728,0.0,0.0,0.0,0.0,0.0,0.0,0.0,0.0,0.0,0.0,0.0,0.0,0.0,0.0,0.0,0.0,0.0,0.0,0.0,0.0,0.0,0.0,0.0,0.0,0.0,0.0,0.0,0.0,0.0,0.0,0.0,0.0,0.0,0.0,0.0,0.0,0.0,0.0,0.0,0.0,0.0,0.0,0.0,0.0,0.0,0.0,0.0,0.0,0.0,0.0
0.0,0.0,0.0,0.000129213,0.0,0.0,0.0,0.00107884,0.0,0.0,0.0,0.0,0.0,0.0,0.0,0.000183875,0.0,0.0,0.0,0.0,0.0,0.0,0.0,0.0,0.0,0.0,0.0,0.0,0.0,0.0,0.0,0.0,9.19575e-05,0.0,0.0,0.0,1.28822e-06,0.00034806,0.0,0.0,0.0,0.0,4.37911e-05,0.0,0.0,0.0,0.0,0.0,0.0,0.0,0.0,0.0,0.0,3.4812e-05,0.0,0.0,0.0,0.0,0.0,0.0,0.0,0.0,0.0,0.0,0.0,0.0,0.0,0.0,0.0,1.5479e-07,0.0,3.59076e-06,0.0,1.28772e-05,0.0,0.0,0.0,0.0,0.0,0.0,0.0,0.0,0.0,0.0,0.0,0.0,0.0,0.0,0.0,0.0,0.0,0.0,0.0,0.0,0.0,0.0,0.0,0.0,0.0,0.0
0.0,0.0,0.0,0.0,0.0,0.0,0.0,0.0,0.0,0.0,0.00018444,0.0,0.0,0.0,0.0,0.0,0.0,0.0,0.0,0.00125207,0.0,0.0,7.9451e-05,0.0,0.0,0.0,0.000389902,0.0,0.0,0.0,0.0,7.39026e-06,0.0,0.0,0.0,0.0,0.0,0.0,0.0,0.0,0.00198942,0.0,0.0,0.0,0.0,0.0,0.0,0.0,0.0,5.57717e-05,0.000125632,0.0,0.0,0.0,0.0,0.0,0.0,0.0,0.0,0.0,0.0,0.0,0.0,0.0,0.0,0.0,0.0,0.0,0.0,0.0,0.0,0.0,0.0,0.0,0.0,0.0,0.0,0.0,0.0,0.0,0.0,0.0,0.0,0.0,0.0,0.0,0.0,0.0,0.0,0.0,0.0,0.0,0.0,0.0,0.0,0.0,0.0,0.0,0.0,0.0
0.0,0.0,0.0,0.0,0.0,0.0,0.0,0.0,0.0,0.0650294,0.0,0.000812555,1.25219e-05,0.0,0.0,0.0,4.77855e-06,0.0,0.0,0.0,0.0,9.35931e-06,0.0,0.0,0.0,0.0,0.0,0.0,4.80773e-05,0.0,0.0,0.000355703,0.0,0.000318595,0.0,0.0,0.0,0.0171266,0.0,0.0,0.0,0.0,0.00015437,0.0,9.17711e-05,8.28148e-05,0.000746559,0.00174536,0.0,0.0,0.0,0.0,0.0,0.0,0.0,0.0,0.0,0.0,0.0,0.0,0.000126252,0.0,0.00020273,0.0,0.0,0.0,0.0,0.0,0.00148084,0.0,2.6925e-06,0.0,0.0,0.000494126,0.0,0.0,0.0,0.00041653,2.60051e-05,5.60181e-05,0.0,5.11033e-05,0.0,0.000165661,0.0,0.0,0.000663457,0.0,0.0,0.000444316,0.0,0.00227519,0.0,0.0025184,0.00210535,0.0,0.0,0.0,0.000185079,0.0
0.0,0.0,0.0,0.0,0.0,0.0,0.0,7.54951e-07,0.0,2.07133e-05,0.0,0.0,0.0,0.0,0.0,6.92764e-06,0.0,0.0,0.0,0.0,6.97751e-06,0.0,0.0,0.0,0.0,1.2403e-07,0.0,0.0,0.0,0.0,0.0,0.0,0.0,0.0,0.0,0.0,0.0,0.0,0.0,0.0,0.0,0.0,0.0,0.0,0.0,0.0,0.0,0.0,0.0,0.0,0.0,0.0,0.0,0.0,0.0,0.0,0.0,0.0,0.0,0.0,0.0,0.0,7.20858e-09,0.0,0.0,0.0,0.0,0.0,0.0,7.61602e-07,0.0,0.0,0.0,0.0,3.92747e-07,0.0,0.0,0.0,0.0,0.0,0.0,0.0,0.0,0.0,0.0,0.0,0.0,0.0,0.0,0.0,0.0,0.0,0.0,0.0,0.0,0.0,0.0,0.0,0.0,0.0
0.0,0.0,0.0,0.0,0.0,0.0,0.0,0.0,0.0,0.0,0.0,0.0,0.0,0.0,0.0,0.0,0.0,0.0,0.0,0.0,0.0,0.0,0.0,0.0,0.0,0.0,0.0,0.0,0.0,0.0,0.0,0.0,0.0,0.0,0.0,0.0,0.0,0.0,0.0,0.0,0.0,0.0,0.0,0.0,0.0,0.0,0.0,0.0,0.0,0.0,0.0,0.0,0.0,0.0,0.0,0.0,0.0,0.0,0.0,0.0,0.0,0.0,0.0,0.000140653,0.0,0.0,0.0,0.0,0.0,4.22066e-06,0.0,0.0,0.0,0.0,0.0,0.000486345,0.0,0.0,0.0,0.0,0.0,0.0,0.0,0.0,0.0,0.0,0.0,0.0,0.0,0.0,0.0,0.0,0.0,0.000603964,0.0,0.0,0.0,0.0,0.0,0.0
0.00547351,0.0,0.00916486,0.0,0.0,0.0,0.0,0.0,0.0,0.0,0.00266014,0.0,0.0,0.0,0.000293776,0.0,0.0,0.0,0.0,0.0,0.0,0.0,0.0,0.0,0.0,5.43325e-05,0.0,0.00025387,0.000855996,0.0,0.0,0.0,0.0,0.000155901,0.0,0.0,0.0,0.0,0.0,0.0,0.0,0.0,0.0,0.0115911,0.0,0.0,0.0,0.0,0.0,0.0,0.000504526,0.0,0.0,0.0,0.0,0.0,0.000368249,0.0,0.00105416,0.0,0.0336231,0.000766706,0.000154718,0.00227326,0.00118134,0.0,0.0,3.4542e-05,0.0,0.0,0.0,0.020938,0.0,0.0,0.0,0.0,0.0,0.0,0.000359483,0.00330355,0.0,0.000528803,0.0,0.0,0.0,0.0,0.0,0.0,0.0,0.0,0.0,0.0,0.0,0.0,0.0110706,0.00635234,0.0,0.0,0.000406233,0.00104682
0.0,0.0,0.0,0.0,0.000790232,0.0,0.0,0.0297185,0.0,0.00177976,0.0,0.0,0.0,0.0,0.0,0.0100699,0.0,8.016e-05,0.0,0.0,0.0,0.0,9.14321e-05,0.0,0.0,0.0,0.0,0.0,0.0,0.0,0.0,0.0,6.45418e-05,0.0019781,0.0,0.0,0.0,0.0,0.000229106,3.47958e-05,0.0,0.0,0.0,0.0,0.0,0.0,0.0,0.000216816,0.0,0.0,6.17311e-05,0.000106095,0.0,0.0,0.0,0.0,0.0,4.33242e-05,0.0,0.000294717,0.0,0.0,0.0,0.000128153,0.000201791,0.0,0.0,0.0,0.0,0.0,0.000130477,0.0,0.0,0.000124368,0.000519805,0.0,0.0,8.7124e-05,0.0,0.0,0.0,0.0,0.0,0.000512888,0.0,0.000340075,0.0,0.0,0.0,0.0,0.0,0.0,0.0,0.000950792,0.0,0.000103728,3.66186e-05,0.0,0.0,0.0
0.0,0.0,0.0,0.0,0.0,0.0,0.0,0.0,0.0,0.0,0.0,0.0,0.0,0.0,0.0,0.0,2.46377e-05,0.0,0.0,9.41461e-07,0.0,0.0,0.0,0.0,0.0,0.0,0.0,0.0,0.0,0.0,0.0,0.0,0.0,2.73748e-08,0.0,0.0,0.0,0.0,0.0,0.0,0.0,0.0,0.0,0.0,0.0,0.0,5.27219e-05,0.0,0.0,0.0,0.0,3.8111e-07,0.0,0.0,1.1109e-07,0.0,0.0,0.0,0.0,0.0,0.0,0.0,0.0,0.0,0.0,0.0,0.0,0.0,0.0,0.0,0.0,0.0,0.0,0.0,0.0,0.0,0.0,0.0,0.0,0.0,2.54328e-06,0.0,0.0,0.0,0.0,0.0,0.0,0.0,0.0,0.0,0.0,0.0,0.0,0.0,0.0,0.0,0.0,0.0,0.0,0.0
0.0,0.0,0.0,0.0,0.0,0.0,0.0,0.0,0.0,0.0,0.0001474,0.0,0.0,0.0,0.0,0.0,0.0,0.0,0.0,0.0,0.0,0.0,0.0,0.0,0.0,3.68967e-06,0.0,0.000974814,0.0,7.74471e-05,0.0,0.0,0.0,0.0,0.0,0.0,0.0,0.000159519,0.0,0.0,4.82508e-05,0.0,0.00146177,0.0,0.0,0.0,0.0,0.0,0.0,0.0,0.0,0.0,0.000597135,0.0,0.0,0.0,0.0011598,0.0,0.0,0.0,0.0,0.0,0.0,0.0,0.0,0.0,0.0,0.00199776,0.0,9.73503e-05,0.0,0.0,0.0,0.0,0.0,0.000402409,0.0,0.0,0.0,0.0,0.0,5.64632e-05,0.000169645,0.0,0.0,0.0,0.0,0.0,0.0,0.0,0.0,0.000160417,0.0,0.0,1.18473e-05,0.0,0.0,0.00536084,0.0,0.0
0.0,0.0,0.0,0.0,0.0,0.0,0.0,0.0,0.0,0.0,0.0,0.0,0.0,0.0,0.0,0.0,0.0,0.0,0.0,0.0,0.0,0.0,0.0,0.0,0.0,0.0,0.0,0.0,0.0,0.000114592,0.0,0.0,0.0,0.0,0.0,0.0,0.0,0.0,0.0,0.0,0.0,0.0,0.0,0.0,0.0,0.0,0.0,3.06417e-05,0.0,0.000179999,0.0,0.0,0.000502458,0.0,0.0,0.0,0.00231969,0.0,0.00015702,5.49061e-06,0.0,0.0,0.0,0.0,0.0,0.0,0.0,0.0,0.0,0.0,0.0,0.0,0.0,0.0,0.0,0.0,0.0,0.0,0.0,0.0,9.20067e-06,0.0,0.000616503,0.0,0.0,0.0,0.0,0.0,1.22429e-05,0.0,0.0,0.0,0.0,0.0,4.77218e-07,0.0,0.0,0.00664848,0.0,2.80216e-05
0.0,0.0,0.0,0.0,0.0,9.35366e-05,0.0,0.0,0.0,0.0,0.0,0.0,0.0,0.0,0.0,0.0,0.0,1.20722e-06,0.0,0.0,0.0,0.0,5.38792e-07,0.0,0.0,0.0,0.0,1.47085e-05,0.0,0.0,0.0,3.87172e-06,0.0,0.0,0.0,0.0,0.0,0.0,0.0,0.0,0.0,0.0,1.23585e-05,0.0,0.0,0.0,0.0,0.0,0.0,0.0,4.46519e-05,0.0,0.0,0.0,0.0,0.0,0.0,0.0,0.0,0.0,0.0,0.0,0.0,0.0,0.0,0.0,0.0,2.56148e-05,0.0,5.84401e-07,0.0,0.0,0.0,0.0,0.0,0.0,0.0,0.0,0.0,0.0,0.0,0.0,0.0,0.0,0.0,0.0,0.0,0.0,0.0,0.0,0.000190945,0.0,0.0,0.0,0.0,0.0,1.63713e-05,0.0,3.1961e-06,5.55388e-06
0.0,0.0,0.0,0.0,0.00237363,0.0,0.0,0.0,0.0,0.0,0.0,0.0044139,0.0,0.0,0.0,0.0,0.0,0.0,0.0,0.0,0.0,0.0,0.0,0.0,0.0,0.0,0.0,0.0,0.0,0.0,0.0,0.000106037,0.000371006,0.000121366,0.000214466,0.0,0.0,0.00052138,0.0,0.0,0.0,0.0,0.0,0.0,5.08556e-05,8.1346e-05,0.0,0.00214095,0.0,0.000136882,0.000334193,0.0,0.0,0.000292421,0.0,0.0,0.0,0.0,0.000404317,0.0,1.64837e-05,0.0,0.0,0.000260042,0.0,0.0,0.0,0.0,0.0,0.0,0.0,0.0106227,0.0,0.0,0.00258377,0.0,0.0,0.0,0.0,0.0,0.0,0.0,0.0,0.0,0.0,0.0,0.0,7.47819e-05,0.0,0.0,0.0,0.0,0.0,0.000232423,0.0,0.00155396,0.0,0.0,0.0,0.0
0.0,0.0,0.0,0.0,0.0,0.0,0.0,0.0,0.0,0.0,0.0,0.0,0.0,0.0,0.0,0.0,0.0,0.0,0.0,0.0,0.0,0.0,0.0,0.0,0.0,0.0,0.0,0.0,0.0,0.0,0.0,0.0,0.0,0.0,0.0,0.115837,0.0,0.0,0.0,0.0,0.0,0.0,0.0,0.0,0.0,0.0,0.0,0.0,0.0,0.0,0.0,0.0,0.0,0.0,0.0,0.0,0.0,0.0,0.0,0.0,0.0,0.0,0.0,0.0,0.0,0.0,0.0,0.0,0.0,0.0,0.0,0.0,0.0,0.0,0.0,0.0,0.0,0.0,0.0,0.0,0.0,0.0,0.0,0.0,0.0,0.0,0.0,0.0,0.0,0.0,0.0,0.0,0.0,0.0,0.0,0.0,0.0,0.0,0.0,0.0
0.0,0.0,0.0,0.0,0.0,0.0,0.0,0.0,0.0,0.0,0.0,0.0,0.0,0.0,0.0,0.0,0.0,0.0,0.0,0.0,0.0,0.0,0.0,0.0,0.0,0.0,0.0,0.0,0.0,0.0,0.0,0.0,0.0,0.0,0.0,0.0,0.0,8.88352e-06,0.0,0.0,0.0,0.0,0.0,0.0,0.0,0.0,0.0,0.0,0.0,0.0,0.0,0.0,0.0,0.0,0.0,0.0,0.0,0.0,0.0,0.0,0.0,0.0,0.0,0.0,0.0,0.0,0.0,0.0,0.0,0.0,0.0,0.0,0.0,0.0,0.0,5.18332e-06,0.0,0.0,0.0,0.0,0.0,0.0,0.0,0.0,0.0,0.0,0.0,0.0,0.0,0.0,0.0,0.0,0.0,0.0,0.0,0.0,0.0,0.0,0.0,0.0
0.0,0.0,0.0,0.00141978,0.0,0.0,0.0,0.0,0.0,0.0,5.86733e-05,0.0,0.0,0.0,0.0,0.000260062,0.0,0.0,0.0,0.0,0.0,0.000111801,0.0,0.0,0.0,3.61731e-05,0.0,0.0,0.0,0.0,0.0,0.0,0.0,0.0,0.0,0.0,0.0,9.96019e-05,0.0,0.0,0.0,0.0,0.0,0.0,0.0,0.0159454,0.0,0.000103566,0.0,0.0,1.02385e-06,0.0,0.0,0.0,0.0,0.0,0.0,0.0,0.000153024,5.22229e-05,0.0,0.0,0.0,0.0,0.0,0.0,0.0,0.0,0.0,0.000494877,0.0,0.0,0.0,0.0,0.0,0.0,0.0,0.0,0.0,6.40862e-05,0.0,0.0,0.0,0.0,0.0,0.0,0.0,0.0,0.000186017,9.80648e-05,0.0,0.0,0.0,0.0,0.0,0.0,0.0,0.0,0.0,0.000407677
0.0,0.0,0.0,0.0,0.0,0.0,0.0,0.0,0.0,0.0,0.0,0.0,0.0,0.0,0.0,0.0,0.0,0.0,0.0,0.0,0.0,0.0,0.0,0.0,0.0,0.0,0.0,0.0,0.0,0.0,0.0,0.0,0.0,0.0,0.0,0.0,0.0,0.0,0.0,0.0,0.0,0.0,0.0,0.0,0.0,0.0,0.0,2.16637e-05,0.0,0.0,0.0,0.0,0.0,0.0,0.0,0.0,0.0,0.0,0.0,0.0,0.0,0.0,0.0,0.0,0.0,0.0,0.0,0.0,3.77594e-05,0.0,0.0,1.83906e-05,0.0,0.0,0.0,0.0,0.0,0.0,0.0,0.0,0.0,0.0,0.0,0.0,0.0,0.0,0.0,0.0,0.0,0.0,0.0,0.0,1.85835e-05,0.0,2.29757e-05,0.0,0.0,0.0,0.0,0.0
0.0,0.0,0.0,0.00314393,0.0,0.0,0.0,0.0,0.0,0.0,0.0,0.0,0.0,0.0,0.0,0.0,0.0,0.0,0.0,0.0,0.0,0.0,0.0,0.0,0.0,0.0,0.0,0.0,0.0,0.0,0.0,0.0,0.0,7.24508e-05,0.0,0.0,0.0,0.0,0.0,0.0,0.0,0.0,4.38034e-05,0.0,0.0,0.482799,0.0,0.0,0.0,0.0,0.0,0.00104438,0.0,0.0,0.0,0.0,0.0,0.0,0.0,0.0,0.0,0.0,0.0,0.0,0.0,0.0,0.0,0.0,0.0,0.0,0.0,0.0,0.0,0.0,0.0,0.0,0.000299665,0.0,0.0,6.01581e-05,0.0,0.000107737,0.0,7.45919e-06,0.0,0.000578042,0.0,0.0900872,0.0,0.0,0.0,0.0,7.40664e-05,0.0,0.0,0.0,0.0,0.0,0.0,0.0
0.00185326,0.0,0.0,0.0,0.000123695,0.0,0.0,0.0,0.0,0.0,0.0,0.0,0.0,0.0,0.0,0.0,0.0,0.0,0.0,0.0,0.0,0.0,0.0,0.0,0.0,0.0,0.0,0.0,0.0,0.0,0.0,2.19109e-05,2.40812e-05,0.0,0.0,0.0,0.0,0.0,0.0,0.0,0.0,0.000220112,0.0,0.0,0.0,0.0,0.0,0.0,1.55539e-05,0.0,0.0,0.0,5.09457e-06,0.0,0.0,6.47582e-05,0.0,0.0,0.0,3.52668e-06,7.23172e-06,0.0,0.0,3.4438e-05,0.0,0.0,0.000272262,1.05065e-05,0.0,0.0,9.78753e-05,0.0,0.0,0.0,0.0,0.0,0.0,0.000214747,1.93301e-05,0.0,0.0,2.68272e-05,0.0,0.000204781,0.0,0.0,0.0,0.0,0.0,0.0,0.000466994,0.0,0.0,0.0,0.0,0.0,1.05864e-05,0.0,0.0,0.0
0.0,0.0,0.0,0.0,0.0,0.0,0.0,0.0,0.0,0.0,0.0,0.0,5.84389e-05,0.0,6.48091e-05,8.62525e-05,0.0,0.0,0.0,0.0,0.0,1.75547e-05,0.0,0.0,0.0,0.0,0.0,4.59727e-06,0.000181418,0.000271986,0.0,0.0,2.00917e-05,0.000170729,0.0,0.0,0.0,0.00457767,0.0,2.17399e-05,0.0,0.000102292,1.32339e-05,1.31714e-05,0.0,3.71094e-05,4.82653e-05,6.30182e-05,2.36609e-05,0.0,0.0,0.0,0.0,0.000151139,0.0,0.0,0.0,0.0,5.23874e-05,0.0,6.91032e-05,0.0,0.0,0.0,0.0,0.0,9.08831e-06,0.0,0.00011021,0.0,1.48031e-05,0.0,0.0,0.0,0.0,0.00167955,0.0,0.0,0.0,0.0,0.0,0.0,0.0,0.0,0.0,0.0,0.0,0.0,0.0,0.0,0.0,2.31874e-05,0.0,0.0,0.0,0.0,0.000111664,0.0,0.0,3.60158e-05
0.0105961,0.0,0.0012926,0.0,0.0,0.000940993,0.0,0.0,0.0,0.0,0.0,0.0,0.0,5.09787e-05,0.00223187,3.86814e-05,0.0,7.73572e-06,0.0,0.0,0.0,0.0,1.29176e-05,0.000250685,0.0,0.0,0.0,0.0,0.0,0.000100146,0.000172788,4.03823e-05,1.12989e-06,0.000302292,0.000103735,5.56018e-05,0.0,2.53241e-06,3.56897e-05,0.0202816,0.0,0.0,0.0,0.0,0.0,0.0,0.000626636,0.000199357,0.000220597,0.0,0.0,0.0,0.0,2.52023e-05,0.0,0.0,0.0,0.0,0.000979458,0.0,0.0,0.0,0.00346404,0.000187038,0.0,0.000145046,0.0,0.0,0.0,0.0,0.0,0.0,0.0,0.0,9.98187e-05,0.0,5.2853e-05,2.66182e-05,0.0,8.20362e-05,0.0131348,0.0,0.0,0.0,0.0,0.000568959,1.02496e-05,9.47828e-05,7.69235e-05,0.0,0.0,0.000453781,0.0,3.3163e-05,0.0,0.0,0.0,0.0,8.79959e-05,0.000129481
0.0,0.0,0.0,0.0,0.0,0.0,0.0,0.0,0.0,0.0,0.0,0.0,0.000219396,0.0,0.0,0.0,0.0,0.0,0.0,0.0,0.0,0.0,0.000171906,0.0,0.0,0.0,0.0,0.0,0.0,0.0,0.0,0.0,0.0,0.0,0.0,0.0,0.0,0.0,0.0,0.0,0.0,0.0,0.0,0.0,0.0,0.0,0.0,0.0,0.000116114,0.0,0.0,0.0,0.0,0.0,0.0,0.0,0.0,0.0,0.0,0.0,0.0,0.0,0.0,0.0,0.0,0.0,0.0,0.0,0.0,0.0,0.000296711,0.0,0.0,0.0,0.0,0.0,0.0,0.0,0.0,0.0,0.0,0.0,0.0,0.0,0.0,0.0,0.0,0.0,0.0,0.0,0.000792768,0.0,0.0,0.0,0.0,0.0,0.0,0.0,0.0,0.0
0.0,0.0,0.0,0.0,0.000230135,0.0,0.0,0.00126108,0.0,0.0,0.0,0.0,0.0,0.0,0.0,0.0,0.0,0.0,0.0,0.0,0.0,0.0,0.0,0.0,0.0,0.0,6.41563e-06,0.0,1.36152e-05,0.0,0.0,0.0,0.0,9.16627e-05,1.55918e-05,0.0,0.0,0.0,0.0,0.0,0.0,0.0,7.2442e-06,3.4175e-07,0.0,6.82517e-06,0.0,1.53546e-07,0.0,0.0,0.0,0.0,0.0,0.0,0.0,0.0,0.0,0.0,0.0,0.0,0.0,0.0,0.0,0.0,2.94766e-06,0.0,0.0,0.0,0.0,3.26351e-06,0.0,0.0,0.0,0.0,2.0826e-05,0.000428743,0.0,0.0,0.0,0.0,0.0,0.0,0.0,0.0,0.0,1.17522e-05,0.0,0.0,6.11826e-05,0.0,1.77923e-05,0.0,0.0,7.83013e-05,0.0,0.0,0.0,0.0,0.0,0.0
0.0,0.0,0.0,0.0,0.0,0.0,0.0,0.0,0.0,0.0,0.0,0.0,0.0,0.0,0.000236958,0.0,0.0,0.0,0.0,0.0,0.0,0.000592735,0.0,0.000292877,0.0,0.0,0.0,0.0,0.0,0.0,0.0,0.0,0.0,0.0,0.0,0.0,4.37431e-05,0.0,0.0,0.00326682,0.0,0.0,0.0,0.0,0.0,0.0,0.0,0.0,0.0,0.0,0.0,0.0,0.0,0.0,0.000426679,0.0,0.0,0.0,0.0,0.0,0.0,0.0,0.0,0.0,0.0,0.0,0.0,0.0,0.0,0.0,0.0,0.0,0.0,0.0,0.0,0.0,0.0,0.0,0.0,0.0,0.0,0.0,0.0,0.0,0.0,0.0,7.36638e-05,0.0,0.0,0.000121165,0.0,0.0,0.0,0.0,0.0,0.0,0.0,0.0,1.27088e-05,0.0
0.0,0.0,0.0,0.0,0.0,0.0,0.0,0.0,0.0,0.0,4.35714e-05,0.0,0.0,0.0,0.0,0.0,0.0,0.0,0.0,0.0,0.0,0.0,0.000268653,0.0,0.0,0.0,0.0,0.0,0.0,0.0,3.29557e-05,0.0,0.0,0.0,0.0,0.0,0.0136355,0.0,0.0,0.0,0.0,0.0,0.0,0.0,0.0,0.0,0.0,0.0,0.0,0.0,0.0,0.0,0.0,0.0,0.0,5.09084e-05,0.0,0.0,0.0,0.0,0.00011662,0.0,0.0,0.0,0.0,0.0,0.000423949,0.0,0.0,0.0,0.0,0.0,0.00636142,0.0,0.0,0.0,0.0,0.0,0.0,0.0,0.0,0.0,0.0,0.0,0.0,0.0,2.72626e-05,0.0,0.0,0.0,0.0,0.0,0.000189954,0.0,0.0,0.0,0.0,0.0,7.56768e-06,0.0
0.0,0.0,0.0,0.0,0.0,0.0,0.0,0.0,0.00438826,0.0,0.000274111,0.0,0.0,0.0,0.0,0.0,0.0,0.0,0.0,0.0,0.0,0.000312124,0.0,0.0,0.0,0.0,0.0,0.0,0.0,0.000174979,0.0,0.0,0.0,0.000163069,0.0,0.0,0.0,0.0,5.15951e-05,0.0,0.0,0.0,0.0,0.0,0.0,0.0,0.0,0.000474771,0.0,0.0,0.0,0.0,0.192324,0.0,0.0,0.0,0.0,0.0,0.0,0.0,0.0,0.0,0.0,0.0,0.0,0.0,0.0154338,0.0,1.0986e-05,0.0,0.0,0.0,0.0,7.45099e-05,0.000168615,0.000366422,0.0,0.0,0.0,0.0,0.0,0.0,0.0257299,0.0,0.0,0.0,0.0,0.0,0.0,0.0,0.0593245,0.000209824,0.0,0.0,0.0,0.0,0.0,0.0,0.0,0.000355487
0.0,0.0,0.000523401,0.0,0.0,0.0,0.0,0.0,0.0,0.0,0.000138886,0.0,0.0,0.0,0.0,0.0,0.0,0.0,0.0,0.0,4.78924e-06,0.0,0.0,0.0,0.0,0.0,0.0,0.0,0.0,0.0,8.59984e-05,0.0,0.0,0.0,0.0,0.000441399,0.0,0.0,0.0,0.0,0.00483883,0.0,0.0,0.0,6.72189e-05,0.0,0.0,0.0,0.0,0.0,0.0,0.0,0.0,0.0,0.0,0.000110379,0.0,0.000547189,0.0,0.0,0.0,0.0,0.0,0.0,0.0,0.0,0.0,0.0,0.0,0.0,0.000437052,0.0,0.0,0.0,0.0,0.0,0.000546762,0.0,0.0,0.0,0.0,0.0,2.31596e-06,0.0,0.0,0.0,0.000506833,0.0,0.000124567,0.0,0.0,0.0,0.0,0.0,0.0,0.0,0.000225421,0.0,0.0,0.0
0.0262245,0.0,0.0,0.0,0.0,0.0,0.0,0.0,0.0052291,0.0,0.0,0.0,0.0,0.0,0.0,0.0,0.0,0.0,0.0,0.0,0.0,0.0,0.0,0.0,0.0,0.0,0.0,0.000760165,0.0,0.0,0.0,0.0,0.0,0.0,5.38152e-05,0.0,0.0,3.92644e-05,6.06389e-05,0.0,0.0,0.0,0.0003146,0.0,7.13162e-06,0.0,0.000198187,0.0,0.0,0.0,0.000105187,0.000276833,0.0,0.0,0.0,0.0,0.0,0.0,0.000100586,0.0,0.000148116,0.0,0.0,0.0,0.0014341,0.0,0.00487173,0.000288897,0.0,0.0,7.91173e-05,0.0,0.0,0.000183669,6.6173e-05,0.000212876,0.0,0.0,0.0,0.0,0.0,0.0,0.0,0.0,0.0,0.0,0.0,6.84734e-05,0.0,0.0,0.0,4.81456e-05,0.0,0.0,0.0,7.21314e-05,0.0,0.00230297,0.0,5.49362e-05
0.0,0.0529061,0.0,0.000656454,0.0,0.000496556,0.0,0.0,0.0,0.0,1.19468e-05,1.37576e-06,0.0,0.0,2.20913e-05,0.0,0.0,0.0,0.0,0.0,0.0,0.0,0.00440693,0.0,0.0,0.0,0.0,0.0,0.0,0.0,0.0,4.37001e-06,0.0,0.0,1.24369e-05,0.000144931,0.0,0.0,2.45098e-05,0.0,0.0,0.0,1.85169e-05,0.000162545,0.0,0.0,0.0,0.0,0.0,4.82547e-05,0.0,0.0,0.000397562,0.0,0.0,0.0,0.00066477,0.0,0.0,0.0,0.0,0.0,0.0,0.0,0.0,0.0,5.42332e-05,0.0,1.2206e-05,0.0,0.0,0.0,0.0,0.0,0.0,0.0,0.0,0.0,0.0,6.44793e-06,0.0,3.31066e-06,0.0,0.0,7.53263e-06,0.0,3.8629e-05,0.0,9.11225e-06,0.0,0.0,0.0,0.0,0.0,0.0,0.0,3.3772e-05,0.0,0.0,0.0
0.0,0.0,0.0,0.0,0.0,0.0,0.0,0.00793364,0.0,0.0,0.0,0.0,0.0,0.0,0.0,0.0,0.0,0.0,0.0,1.16678e-05,0.0,0.0,0.0,0.0,0.0,0.0,0.0,0.0,0.0,0.0,0.0,0.0,0.0,0.0,8.71147e-07,0.0,0.0,0.0,0.0,0.0,0.0,2.59672e-05,0.0,0.0,0.0,0.0,0.0,0.0,0.0,0.0,0.0,0.0,0.0,0.000768254,0.0,0.0,0.0,0.0,0.000168241,0.0,0.0,0.0,0.0,0.0,0.0,0.0,0.0,0.0,0.0,0.0,0.0,0.0,0.0,0.0,0.0,0.0,2.40417e-06,1.33526e-05,0.0,0.0,0.0,0.0,0.0,0.0,0.0,0.0,4.98957e-05,0.0,0.0,0.0,0.0,0.0,0.0,0.0,0.0,0.0,0.0,0.0,0.0,0.0
